contract_supplier_id,bought_amount,contract_date,has_insurance,is_terminated,material_id,no_money_penalty,price_per_unit,supplier_id,terminate_penalty,transport_type,transportation_cost,team_id
1,8000,2021-12-19,0,0,15,0,25,9,98000,3,33000,90
2,8000,2021-12-19,1,0,3,0,8,1,31360,3,188685,204
3,1000,2021-12-20,1,0,2,0,80,12,39200,2,136500,107
4,1000,2021-12-27,1,0,2,0,80,12,39200,2,136500,107
5,1000,2022-01-03,1,0,2,0,80,12,39200,2,136500,107
6,1000,2022-01-10,1,0,2,0,80,12,39200,2,136500,107
7,1000,2022-01-17,1,0,2,0,80,12,39200,2,136500,107
8,1000,2022-01-24,1,0,2,0,108,12,39200,2,136500,107
9,1000,2022-01-31,1,0,2,0,102.6,12,39200,2,136500,107
10,1000,2022-02-07,1,0,2,0,107.73,12,39200,2,136500,107
11,1000,2022-02-14,1,0,2,0,80.7975,12,39200,2,136500,107
12,1000,2022-02-21,1,0,2,0,84.8374,12,39200,2,136500,107
13,16000,2021-12-20,0,0,12,0,30,7,235200,3,192600,90
14,100000,2021-12-20,1,0,1,0,4,1,196000,3,50715,169
15,8000,2021-12-20,0,0,5,0,20,9,78400,3,33000,90
16,200000,2021-12-20,0,0,1,0,4,5,392000,3,94800,97
17,8000,2021-12-20,0,0,5,0,20,9,78400,3,33000,90
18,3000,2021-12-20,1,0,11,0,30,3,44100,1,103950,204
19,4000,2021-12-21,1,0,14,0,20,1,39200,0,2420250,204
20,12800,2021-12-21,1,0,3,0,8,10,50176,3,68040,51
21,12800,2021-12-28,1,0,3,0,8,10,50176,3,68040,51
22,12800,2022-01-04,1,0,3,52224,8,10,50176,3,NULL,51
23,12800,2022-01-11,1,0,3,52224,8,10,50176,3,NULL,51
24,16000,2021-12-21,1,0,1,0,4,5,31360,0,2661750,67
25,16000,2021-12-28,1,0,1,0,4,5,31360,0,2661750,67
26,16000,2022-01-04,1,0,1,0,4,5,31360,0,2661750,67
27,16000,2022-01-11,1,0,1,0,4,5,31360,0,2661750,67
28,16000,2022-01-18,1,0,1,0,4,5,31360,0,2661750,67
29,3200,2021-12-21,0,0,1,0,4,5,6272,0,1080000,158
30,4,2021-12-21,1,0,14,0,20,5,39.2,0,855750,8
31,50000,2021-12-21,1,0,3,0,8,1,196000,1,78907.5,169
32,1000,2021-12-21,0,0,15,0,25,3,12250,0,4505000,35
33,8000,2021-12-21,1,0,3,0,8,2,31360,3,122535,117
34,8000,2021-12-28,1,0,3,0,8,2,31360,3,122535,117
35,8000,2022-01-04,1,0,3,0,8,2,31360,3,122535,117
36,8000,2022-01-11,1,0,3,0,8,2,31360,3,122535,117
37,1000,2021-12-21,1,0,15,0,25,1,12250,0,2420250,204
38,1200,2021-12-21,1,0,11,0,30,6,17640,2,247380,12
39,10000,2021-12-21,0,0,15,0,25,1,122500,1,261900,65
40,1600,2021-12-21,1,0,1,0,4,7,3136,3,155925,215
41,1600,2021-12-28,1,0,1,0,4,7,3136,3,155925,215
42,1600,2022-01-04,1,0,1,0,4,7,3136,3,155925,215
43,1600,2022-01-11,1,0,1,0,4,7,3136,3,155925,215
44,1600,2022-01-18,1,0,1,0,4,7,3136,3,155925,215
45,1600,2022-01-25,1,0,1,0,2,7,3136,3,155925,215
46,1600,2022-02-01,1,0,1,0,2.3,7,3136,3,155925,215
47,1600,2022-02-08,1,0,1,0,2.185,7,3136,3,155925,215
48,1600,2022-02-15,1,0,1,0,2.29425,7,3136,3,155925,215
49,1600,2022-02-22,1,0,1,0,2.98252,7,3136,3,155925,215
50,100000,2021-12-21,1,0,1,0,4,13,196000,2,49980,188
51,100000,2021-12-28,1,0,1,0,4,13,196000,2,49980,188
52,1000,2021-12-21,1,0,2,0,80,4,39200,0,2226000,165
53,20,2021-12-21,0,0,15,0,25,13,245,1,50850,55
54,1000,2021-12-28,1,0,2,0,80,4,39200,0,2226000,165
55,1000,2022-01-04,1,0,2,0,80,4,39200,0,2226000,165
56,1000,2022-01-11,1,0,2,0,80,4,39200,0,2226000,165
57,1000,2022-01-18,1,0,2,0,80,4,39200,0,2226000,165
58,1000,2022-01-25,1,0,2,0,76,4,39200,0,2226000,165
59,32000,2021-12-21,0,0,6,0,15,10,235200,3,50700,90
60,300,2021-12-21,0,0,2,0,80,4,11760,2,88000,150
61,40000,2021-12-21,1,0,14,0,20,2,392000,3,198450,51
62,40000,2021-12-28,1,0,14,0,20,2,392000,3,198450,51
63,40000,2022-01-04,1,0,14,408000,20,2,392000,3,NULL,51
64,40000,2022-01-11,1,0,14,408000,20,2,392000,3,NULL,51
65,40000,2021-12-22,1,0,14,0,20,2,392000,3,198450,51
66,40000,2021-12-29,1,0,14,408000,20,2,392000,3,NULL,51
67,40000,2022-01-05,1,0,14,408000,20,2,392000,3,NULL,51
68,40000,2022-01-12,1,0,14,408000,20,2,392000,3,NULL,51
69,4000,2021-12-22,1,0,2,0,80,12,156800,1,224437,159
70,4000,2021-12-29,1,0,2,0,80,12,156800,1,224437,159
71,2000,2021-12-22,1,0,2,0,80,4,78400,2,204120,213
72,2000,2021-12-29,1,0,2,0,80,4,78400,2,204120,213
73,2000,2022-01-05,1,0,2,0,80,4,78400,2,204120,213
74,3,2021-12-22,1,0,11,0,30,6,44.1,0,777000,8
75,48,2021-12-22,1,0,1,0,4,5,94.08,3,227745,76
76,48,2021-12-29,1,0,1,0,4,5,94.08,3,227745,76
77,48,2022-01-05,1,0,1,0,4,5,94.08,3,227745,76
78,5,2021-12-22,0,0,2,0,80,12,196,2,75600,57
79,5,2021-12-29,0,0,2,0,80,12,196,2,75600,57
80,5,2022-01-05,0,0,2,0,80,12,196,2,75600,57
81,1000,2021-12-22,1,0,3,0,8,13,3920,3,48825,112
82,1000,2021-12-29,1,0,3,0,8,13,3920,3,48825,112
83,1000,2022-01-05,1,0,3,0,8,13,3920,3,48825,112
84,1000,2022-01-12,1,0,3,0,8,13,3920,3,48825,112
85,1000,2022-01-19,1,0,3,0,8,13,3920,3,48825,112
86,1000,2022-01-26,1,0,3,0,5.6,13,3920,3,48825,112
87,1000,2022-02-02,1,0,3,0,8.4,13,3920,3,48825,112
88,1000,2022-02-09,1,0,3,0,7.98,13,3920,3,48825,112
89,1000,2022-02-16,1,0,3,0,8.379,13,3920,3,48825,112
90,1000,2022-02-23,1,0,3,0,7.96005,13,3920,3,48825,112
91,60,2021-12-22,0,0,11,0,30,14,882,1,157950,55
92,2,2021-12-22,1,0,5,0,20,9,19.6,3,64575,146
93,40000,2021-12-22,1,0,6,0,15,6,294000,2,30660,21
94,40000,2021-12-29,1,0,6,0,15,6,294000,2,30660,21
95,100000,2021-12-22,1,0,7,0,20,13,980000,0,567000,188
96,100000,2021-12-29,1,0,7,0,20,13,980000,0,567000,188
97,100,2021-12-22,0,0,2,0,80,4,3920,3,84000,26
98,12800,2021-12-22,0,0,3,0,8,2,50176,2,25600,221
99,12800,2021-12-29,0,0,3,0,8,2,50176,2,25600,221
100,200000,2021-12-22,1,0,2,0,80,3,7840000,3,141120,110
101,800,2021-12-22,1,0,3,0,8,11,3136,2,77280,40
102,800,2021-12-29,1,0,3,0,8,11,3136,2,77280,40
103,800,2022-01-05,1,0,3,0,8,11,3136,2,77280,40
104,800,2022-01-12,1,0,3,0,8,11,3136,2,77280,40
105,800,2022-01-19,1,0,3,0,8,11,3136,2,77280,40
106,10000,2021-12-22,1,0,5,0,20,6,98000,2,30660,21
107,10000,2021-12-29,1,0,5,0,20,6,98000,2,30660,21
108,3000,2021-12-22,0,0,8,0,21,5,30870,3,117000,71
109,20000,2021-12-22,1,0,15,0,25,2,245000,3,198450,51
110,20000,2021-12-29,1,0,15,255000,25,2,245000,3,NULL,51
111,20000,2022-01-05,1,0,15,255000,25,2,245000,3,NULL,51
112,20000,2022-01-12,1,0,15,255000,25,2,245000,3,NULL,51
113,100,2021-12-22,0,0,12,0,30,1,1470,3,44100,43
114,10000,2021-12-22,1,0,5,0,20,6,98000,2,30660,21
115,10000,2021-12-29,1,0,5,0,20,6,98000,2,30660,21
116,20000,2021-12-22,1,0,15,0,25,2,245000,3,198450,51
117,20000,2021-12-29,1,0,15,255000,25,2,245000,3,NULL,51
118,20000,2022-01-05,1,0,15,255000,25,2,245000,3,NULL,51
119,20000,2022-01-12,1,0,15,255000,25,2,245000,3,NULL,51
120,10000,2021-12-22,1,0,5,0,20,6,98000,2,30660,21
121,10000,2021-12-29,1,0,5,0,20,6,98000,2,30660,21
122,100,2021-12-22,0,0,1,0,4,13,196,3,61200,273
123,20000,2021-12-22,1,0,15,0,25,2,245000,3,198450,51
124,20000,2021-12-29,1,0,15,255000,25,2,245000,3,NULL,51
125,20000,2022-01-05,1,0,15,255000,25,2,245000,3,NULL,51
126,20000,2022-01-12,1,0,15,255000,25,2,245000,3,NULL,51
127,4000,2021-12-22,1,0,2,0,80,3,156800,3,167580,136
128,4000,2021-12-29,1,0,2,0,80,3,156800,3,167580,136
129,4000,2021-12-22,0,0,14,0,20,7,39200,0,920000,289
130,80,2021-12-22,0,0,14,0,20,13,784,1,50850,55
131,1,2021-12-22,1,0,2,0,80,4,39.2,2,82320,115
132,1,2021-12-29,1,0,2,0,80,4,39.2,2,82320,115
133,80,2021-12-22,0,0,14,0,20,13,784,1,50850,55
134,20000,2021-12-22,1,0,6,0,15,2,147000,3,108045,165
135,20000,2021-12-29,1,0,6,0,15,2,147000,3,108045,165
136,20000,2022-01-05,1,0,6,0,15,2,147000,3,108045,165
137,20000,2022-01-12,1,0,6,0,15,2,147000,3,108045,165
138,20000,2022-01-19,1,0,6,0,15,2,147000,3,108045,165
139,20000,2022-01-26,1,0,6,0,15.75,2,147000,3,108045,165
140,80,2021-12-22,0,0,14,0,20,13,784,1,50850,55
141,1000,2021-12-22,1,0,3,0,8,1,3920,2,207900,69
142,80,2021-12-22,0,0,14,0,20,13,784,1,50850,55
143,20,2021-12-22,0,0,2,0,80,3,784,3,16200,151
144,8,2021-12-22,1,0,6,0,15,10,58.8,3,61740,146
145,3,2021-12-22,1,0,2,0,80,3,117.6,3,85680,76
146,3,2021-12-29,1,0,2,0,80,3,117.6,3,85680,76
147,3,2022-01-05,1,0,2,0,80,3,117.6,3,85680,76
148,8,2021-12-22,1,0,6,0,15,10,58.8,3,61740,146
149,1,2021-12-22,1,0,15,0,25,5,12.25,0,855750,8
150,3,2021-12-22,1,0,2,0,80,3,117.6,3,85680,76
151,3,2021-12-29,1,0,2,0,80,3,117.6,3,85680,76
152,3,2022-01-05,1,0,2,0,80,3,117.6,3,85680,76
153,8,2021-12-22,1,0,6,0,15,10,58.8,3,61740,146
154,8,2021-12-23,1,0,6,0,15,10,58.8,3,61740,146
155,100000,2021-12-23,1,0,1,0,4,8,196000,2,139020,191
156,100000,2021-12-30,1,0,1,0,4,8,196000,2,139020,191
157,100000,2022-01-06,1,0,1,0,4,8,196000,2,139020,191
158,100000,2022-01-13,1,0,1,0,4,8,196000,2,139020,191
159,4000,2021-12-23,0,0,6,0,15,10,29400,3,165900,53
160,3,2021-12-23,1,0,2,0,80,3,117.6,3,85680,76
161,3,2021-12-30,1,0,2,0,80,3,117.6,3,85680,76
162,3,2022-01-06,1,0,2,0,80,3,117.6,3,85680,76
163,400,2021-12-23,1,0,12,0,30,14,5880,3,113400,189
164,400,2021-12-30,1,0,12,0,30,14,5880,3,113400,189
165,100,2021-12-23,1,0,2,0,80,10,3920,3,115290,54
166,100,2021-12-30,1,0,2,0,80,10,3920,3,115290,54
167,1000,2021-12-23,0,0,15,0,25,7,12250,0,920000,289
168,20000,2021-12-23,1,0,12,0,30,3,294000,2,144900,21
169,20000,2021-12-30,1,0,12,0,30,3,294000,2,144900,21
170,20000,2021-12-23,1,0,15,0,25,2,245000,3,198450,51
171,20000,2021-12-30,1,0,15,255000,25,2,245000,3,NULL,51
172,20000,2022-01-06,1,0,15,255000,25,2,245000,3,NULL,51
173,20000,2022-01-13,1,0,15,255000,25,2,245000,3,NULL,51
174,100,2021-12-23,1,0,12,0,30,1,1470,2,548520,174
175,100,2021-12-30,1,0,12,0,30,1,1470,2,548520,174
176,100,2022-01-06,1,0,12,0,30,1,1470,2,548520,174
177,100,2022-01-13,1,0,12,0,30,1,1470,2,548520,174
178,100,2022-01-20,1,0,12,0,30,1,1470,2,548520,174
179,100,2022-01-27,1,0,12,0,33,1,1470,2,548520,174
180,100,2022-02-03,1,0,12,0,29.7,1,1470,2,548520,174
181,100,2022-02-10,1,0,12,0,26.73,1,1470,2,548520,174
182,100,2022-02-17,1,0,12,0,25.3935,1,1470,2,548520,174
183,100,2022-02-24,1,0,12,0,29.2025,1,1470,2,548520,174
184,1000000,2021-12-23,0,0,3,0,8,13,3920000,0,2130000,67
185,1000000,2021-12-30,0,0,3,0,8,13,3920000,0,2130000,67
186,1000000,2022-01-06,0,0,3,0,8,13,3920000,0,2130000,67
187,1000000,2022-01-13,0,0,3,0,8,13,3920000,0,2130000,67
188,1000000,2022-01-20,0,0,3,4080000,8,13,3920000,0,NULL,67
189,5,2021-12-23,0,0,14,0,20,3,49,2,119600,139
190,5,2021-12-30,0,0,14,0,20,3,49,2,119600,139
191,5,2022-01-06,0,0,14,0,20,3,49,2,119600,139
192,1000,2021-12-23,1,0,15,0,25,5,12250,0,567000,165
193,1000,2021-12-30,1,0,15,0,25,5,12250,0,567000,165
194,1000,2022-01-06,1,0,15,0,25,5,12250,0,567000,165
195,1000,2022-01-13,1,0,15,0,25,5,12250,0,567000,165
196,1000,2022-01-20,1,0,15,0,25,5,12250,0,567000,165
197,1000,2022-01-27,1,0,15,0,23.75,5,12250,0,567000,165
198,1000,2021-12-23,1,0,2,0,80,4,39200,0,1018500,289
199,1000,2021-12-30,1,0,2,0,80,4,39200,0,1018500,289
200,1000,2022-01-06,1,0,2,0,80,4,39200,0,1018500,289
201,1000,2022-01-13,1,0,2,0,80,4,39200,0,1018500,289
202,1000,2022-01-20,1,0,2,0,80,4,39200,0,1018500,289
203,200000,2021-12-23,1,0,7,0,20,13,1960000,3,156870,97
204,200000,2021-12-30,1,0,7,0,20,13,1960000,3,156870,97
205,200000,2022-01-06,1,0,7,0,20,13,1960000,3,156870,97
206,9000,2021-12-23,1,0,11,0,30,6,132300,0,2997750,289
207,1000,2021-12-23,1,0,2,0,80,4,39200,0,1018500,289
208,1000,2021-12-30,1,0,2,0,80,4,39200,0,1018500,289
209,1000,2022-01-06,1,0,2,0,80,4,39200,0,1018500,289
210,1000,2022-01-13,1,0,2,0,80,4,39200,0,1018500,289
211,1000,2022-01-20,1,0,2,0,80,4,39200,0,1018500,289
212,1000,2021-12-23,1,0,2,0,80,4,39200,0,1018500,289
213,1000,2021-12-30,1,0,2,0,80,4,39200,0,1018500,289
214,1000,2022-01-06,1,0,2,0,80,4,39200,0,1018500,289
215,1000,2022-01-13,1,0,2,0,80,4,39200,0,1018500,289
216,1000,2022-01-20,1,0,2,0,80,4,39200,0,1018500,289
217,1000,2021-12-23,1,0,2,0,80,4,39200,0,1018500,289
218,1000,2021-12-30,1,0,2,0,80,4,39200,0,1018500,289
219,1000,2022-01-06,1,0,2,0,80,4,39200,0,1018500,289
220,1000,2022-01-13,1,0,2,0,80,4,39200,0,1018500,289
221,1000,2022-01-20,1,0,2,0,80,4,39200,0,1018500,289
222,1000,2021-12-23,1,0,2,0,80,4,39200,0,1018500,289
223,1000,2021-12-30,1,0,2,0,80,4,39200,0,1018500,289
224,1000,2022-01-06,1,0,2,0,80,4,39200,0,1018500,289
225,1000,2022-01-13,1,0,2,0,80,4,39200,0,1018500,289
226,1000,2022-01-20,1,0,2,0,80,4,39200,0,1018500,289
227,1,2021-12-23,1,0,11,0,30,6,14.7,2,62160,202
228,1000,2021-12-23,1,0,2,0,80,4,39200,1,123795,289
229,1000,2021-12-30,1,0,2,0,80,4,39200,1,123795,289
230,1000,2022-01-06,1,0,2,0,80,4,39200,1,123795,289
231,1000,2022-01-13,1,0,2,0,80,4,39200,1,123795,289
232,1000,2022-01-20,1,0,2,0,80,4,39200,1,123795,289
233,1000,2021-12-23,1,0,2,0,80,4,39200,1,123795,289
234,1000,2021-12-30,1,0,2,0,80,4,39200,1,123795,289
235,1000,2022-01-06,1,0,2,0,80,4,39200,1,123795,289
236,1000,2022-01-13,1,0,2,0,80,4,39200,1,123795,289
237,1000,2022-01-20,1,0,2,0,80,4,39200,1,123795,289
238,1000,2021-12-23,1,0,2,0,80,4,39200,1,123795,289
239,1000,2021-12-30,1,0,2,0,80,4,39200,1,123795,289
240,1000,2022-01-06,1,0,2,0,80,4,39200,1,123795,289
241,1000,2022-01-13,1,0,2,0,80,4,39200,1,123795,289
242,1000,2022-01-20,1,0,2,0,80,4,39200,1,123795,289
243,100,2021-12-23,1,0,2,0,80,3,3920,1,84577.5,69
244,1000,2021-12-23,1,0,2,0,80,4,39200,1,123795,289
245,1000,2021-12-30,1,0,2,0,80,4,39200,1,123795,289
246,1000,2022-01-06,1,0,2,0,80,4,39200,1,123795,289
247,1000,2022-01-13,1,0,2,0,80,4,39200,1,123795,289
248,1000,2022-01-20,1,0,2,0,80,4,39200,1,123795,289
249,9000,2021-12-23,1,0,11,0,30,6,132300,0,2997750,289
250,1000,2021-12-23,1,0,2,0,80,4,39200,1,123795,289
251,1000,2021-12-30,1,0,2,0,80,4,39200,1,123795,289
252,1000,2022-01-06,1,0,2,0,80,4,39200,1,123795,289
253,1000,2022-01-13,1,0,2,0,80,4,39200,1,123795,289
254,1000,2022-01-20,1,0,2,0,80,4,39200,1,123795,289
255,1000,2021-12-23,1,0,2,0,80,4,39200,1,123795,289
256,1000,2021-12-30,1,0,2,0,80,4,39200,1,123795,289
257,1000,2022-01-06,1,0,2,0,80,4,39200,1,123795,289
258,1000,2022-01-13,1,0,2,0,80,4,39200,1,123795,289
259,1000,2022-01-20,1,0,2,0,80,4,39200,1,123795,289
260,1000,2021-12-23,1,0,2,0,80,4,39200,1,123795,289
261,1000,2021-12-30,1,0,2,0,80,4,39200,1,123795,289
262,1000,2022-01-06,1,0,2,0,80,4,39200,1,123795,289
263,1000,2022-01-13,1,0,2,0,80,4,39200,1,123795,289
264,1000,2022-01-20,1,0,2,0,80,4,39200,1,123795,289
265,1000,2021-12-23,1,0,2,0,80,4,39200,1,123795,289
266,1000,2021-12-30,1,0,2,0,80,4,39200,1,123795,289
267,1000,2022-01-06,1,0,2,0,80,4,39200,1,123795,289
268,1000,2022-01-13,1,0,2,0,80,4,39200,1,123795,289
269,1000,2022-01-20,1,0,2,0,80,4,39200,1,123795,289
270,10000,2021-12-23,1,0,15,0,25,4,122500,2,237720,21
271,10000,2021-12-30,1,0,15,0,25,4,122500,2,237720,21
272,2000,2021-12-23,1,0,9,0,25,11,24500,3,48195,13
273,2000,2021-12-30,1,0,9,0,25,11,24500,3,48195,13
274,2000,2022-01-06,1,0,9,0,25,11,24500,3,48195,13
275,1000,2021-12-23,1,0,2,0,80,4,39200,3,79380,289
276,1000,2021-12-30,1,0,2,0,80,4,39200,3,79380,289
277,1000,2022-01-06,1,0,2,0,80,4,39200,3,79380,289
278,1000,2022-01-13,1,0,2,0,80,4,39200,3,79380,289
279,1000,2022-01-20,1,0,2,0,80,4,39200,3,79380,289
280,1000,2021-12-23,1,0,2,0,80,4,39200,3,79380,289
281,1000,2021-12-30,1,0,2,0,80,4,39200,3,79380,289
282,1000,2022-01-06,1,0,2,0,80,4,39200,3,79380,289
283,1000,2022-01-13,1,0,2,0,80,4,39200,3,79380,289
284,1000,2022-01-20,1,0,2,0,80,4,39200,3,79380,289
285,1000,2021-12-23,1,0,2,0,80,4,39200,3,79380,289
286,1000,2021-12-30,1,0,2,0,80,4,39200,3,79380,289
287,1000,2022-01-06,1,0,2,0,80,4,39200,3,79380,289
288,1000,2022-01-13,1,0,2,0,80,4,39200,3,79380,289
289,1000,2022-01-20,1,0,2,0,80,4,39200,3,79380,289
290,10000,2021-12-23,1,0,14,0,20,5,98000,2,52500,213
291,10000,2021-12-30,1,0,14,0,20,5,98000,2,52500,213
292,10000,2022-01-06,1,0,14,0,20,5,98000,2,52500,213
293,1000,2021-12-23,0,0,5,0,20,9,9800,3,142200,53
294,1000,2021-12-23,0,0,13,0,30,4,14700,3,65700,71
295,9000,2021-12-23,1,0,11,0,30,6,132300,0,2997750,289
296,5120,2021-12-23,1,0,3,0,8,2,20070.4,3,275310,127
297,9000,2021-12-23,1,0,11,0,30,6,132300,0,2997750,289
298,30000,2021-12-23,1,0,11,0,30,8,441000,3,22050,51
299,30000,2021-12-30,1,0,11,459000,30,8,441000,3,NULL,51
300,30000,2022-01-06,1,0,11,459000,30,8,441000,3,NULL,51
301,30000,2022-01-13,1,0,11,459000,30,8,441000,3,NULL,51
302,16000,2021-12-23,1,0,2,0,80,3,627200,3,29925,161
303,200,2021-12-23,0,0,5,0,20,12,1960,3,156900,59
304,200,2021-12-30,0,0,5,0,20,12,1960,3,156900,59
305,200,2022-01-06,0,0,5,0,20,12,1960,3,156900,59
306,200,2022-01-13,0,0,5,0,20,12,1960,3,156900,59
307,200,2022-01-20,0,0,5,0,20,12,1960,3,156900,59
308,200,2022-01-27,0,0,5,0,21,12,1960,3,156900,59
309,200,2022-02-03,0,0,5,0,22.05,12,1960,3,156900,59
310,200,2022-02-10,0,0,5,0,20.9475,12,1960,3,156900,59
311,200,2022-02-17,0,0,5,0,29.3265,12,1960,3,156900,59
312,6000,2021-12-23,0,0,8,0,21,6,61740,1,170550,223
313,100,2021-12-23,1,0,1,0,4,1,196,3,184275,69
314,200000,2021-12-23,0,0,2,0,80,10,7840000,3,155400,250
315,1000,2021-12-23,1,0,5,0,20,6,9800,1,103477,65
316,30000,2021-12-23,1,0,11,0,30,8,441000,2,24780,51
317,30000,2021-12-30,1,0,11,459000,30,8,441000,2,NULL,51
318,30000,2022-01-06,1,0,11,459000,30,8,441000,2,NULL,51
319,30000,2022-01-13,1,0,11,459000,30,8,441000,2,NULL,51
320,9000,2021-12-23,1,0,11,0,30,6,132300,0,2997750,289
321,100,2021-12-23,1,0,1,0,4,1,196,3,184275,69
322,1000,2021-12-24,0,0,5,0,20,9,9800,3,142200,53
323,15000,2021-12-24,1,0,11,0,30,14,220500,0,1365000,159
324,15000,2021-12-31,1,0,11,0,30,14,220500,0,1365000,159
325,2000,2021-12-24,1,0,12,0,30,14,29400,3,201915,165
326,2000,2021-12-31,1,0,12,0,30,14,29400,3,201915,165
327,2000,2022-01-07,1,0,12,0,30,14,29400,3,201915,165
328,2000,2022-01-14,1,0,12,0,30,14,29400,3,201915,165
329,2000,2022-01-21,1,0,12,0,30,14,29400,3,201915,165
330,2000,2022-01-28,1,0,12,0,28.5,14,29400,3,201915,165
331,4800,2021-12-24,0,0,15,0,25,2,58800,3,99300,215
332,7,2021-12-24,0,0,3,0,8,13,27.44,2,136000,57
333,7,2021-12-31,0,0,3,0,8,13,27.44,2,136000,57
334,7,2022-01-07,0,0,3,0,8,13,27.44,2,136000,57
335,7,2022-01-14,0,0,3,0,8,13,27.44,2,136000,57
336,7,2022-01-21,0,0,3,0,8,13,27.44,2,136000,57
337,2000,2021-12-24,1,0,5,0,20,6,19600,3,108675,104
338,2000,2021-12-31,1,0,5,0,20,6,19600,3,108675,104
339,2000,2022-01-07,1,0,5,0,20,6,19600,3,108675,104
340,2000,2022-01-14,1,0,5,0,20,6,19600,3,108675,104
341,2000,2022-01-21,1,0,5,0,20,6,19600,3,108675,104
342,30000,2021-12-24,1,0,11,0,30,8,441000,2,24780,51
343,30000,2021-12-31,1,0,11,459000,30,8,441000,2,NULL,51
344,30000,2022-01-07,1,0,11,459000,30,8,441000,2,NULL,51
345,30000,2022-01-14,1,0,11,459000,30,8,441000,2,NULL,51
346,1000,2021-12-24,0,0,14,0,20,4,9800,3,65700,71
347,50000,2021-12-24,0,0,1,0,4,5,98000,2,153600,221
348,50000,2021-12-31,0,0,1,0,4,5,98000,2,153600,221
349,800000,2021-12-24,0,0,3,0,8,2,3136000,2,140400,123
350,1200,2021-12-24,1,0,14,0,20,4,11760,2,69720,12
351,256,2021-12-24,1,0,1,0,4,5,501.76,2,92820,280
352,256,2021-12-31,1,0,1,0,4,5,501.76,2,92820,280
353,256,2022-01-07,1,0,1,0,4,5,501.76,2,92820,280
354,256,2022-01-14,1,0,1,0,4,5,501.76,2,92820,280
355,256,2022-01-21,1,0,1,0,4,5,501.76,2,92820,280
356,1,2021-12-24,0,0,2,0,80,10,39.2,0,1770000,138
357,1,2021-12-31,0,0,2,0,80,10,39.2,0,1770000,138
358,50,2021-12-24,0,0,15,0,25,2,612.5,2,311600,174
359,1,2022-01-07,0,0,2,0,80,10,39.2,0,1770000,138
360,50,2021-12-31,0,0,15,0,25,2,612.5,2,311600,174
361,1,2022-01-14,0,0,2,0,80,10,39.2,0,1770000,138
362,50,2022-01-07,0,0,15,0,25,2,612.5,2,311600,174
363,1,2022-01-21,0,0,2,0,80,10,39.2,0,1770000,138
364,50,2022-01-14,0,0,15,0,25,2,612.5,2,311600,174
365,1,2022-01-28,0,0,2,0,100,10,39.2,0,1770000,138
366,50,2022-01-21,0,0,15,0,25,2,612.5,2,311600,174
367,1,2022-02-04,0,0,2,20.4,40,10,39.2,0,NULL,138
368,50,2022-01-28,0,0,15,0,27.5,2,612.5,2,311600,174
369,1,2022-02-11,0,0,2,24.48,48,10,39.2,0,NULL,138
370,50,2022-02-04,0,0,15,0,26.125,2,612.5,2,311600,174
371,1,2022-02-18,0,0,2,25.704,50.4,10,39.2,0,NULL,138
372,50,2022-02-11,0,0,15,0,24.8188,2,612.5,2,311600,174
373,1,2022-02-25,0,0,2,20.4,40,10,39.2,0,NULL,138
374,50,2022-02-18,0,0,15,0,26.0597,2,612.5,2,311600,174
375,50,2022-02-25,0,0,15,0,24.7567,2,612.5,2,311600,174
376,250000,2021-12-24,0,0,14,0,20,2,2450000,3,132000,108
377,5000,2021-12-24,1,0,2,0,80,4,196000,0,1018500,289
378,5000,2021-12-31,1,0,2,0,80,4,196000,0,1018500,289
379,5000,2022-01-07,1,0,2,0,80,4,196000,0,1018500,289
380,5000,2022-01-14,1,0,2,0,80,4,196000,0,1018500,289
381,5000,2022-01-21,1,0,2,0,80,4,196000,0,1018500,289
382,100,2021-12-24,0,0,2,0,80,4,3920,3,139500,208
383,6400,2021-12-24,1,0,3,0,8,1,25088,2,139860,21
384,6400,2021-12-31,1,0,3,0,8,1,25088,2,139860,21
385,32000,2021-12-24,1,0,1,0,4,5,62720,0,236250,79
386,32000,2021-12-31,1,0,1,0,4,5,62720,0,236250,79
387,6400,2021-12-24,1,0,3,0,8,1,25088,2,139860,21
388,6400,2021-12-31,1,0,3,0,8,1,25088,2,139860,21
389,16,2021-12-24,1,0,3,0,8,2,62.72,3,61740,96
390,16,2021-12-31,1,0,3,0,8,2,62.72,3,61740,96
391,16,2022-01-07,1,0,3,0,8,2,62.72,3,61740,96
392,6400,2021-12-24,1,0,3,0,8,1,25088,2,139860,21
393,6400,2021-12-31,1,0,3,0,8,1,25088,2,139860,21
394,20200,2021-12-24,1,0,2,0,80,3,791840,0,2703750,255
395,20200,2021-12-31,1,0,2,0,80,3,791840,0,2703750,255
396,1000,2021-12-24,1,0,5,0,20,6,9800,2,188580,165
397,1000,2021-12-31,1,0,5,0,20,6,9800,2,188580,165
398,1000,2022-01-07,1,0,5,0,20,6,9800,2,188580,165
399,1000,2022-01-14,1,0,5,0,20,6,9800,2,188580,165
400,1000,2022-01-21,1,0,5,0,20,6,9800,2,188580,165
401,1000,2022-01-28,1,0,5,0,23,6,9800,2,188580,165
402,100,2021-12-24,1,0,15,0,25,4,1225,0,2257500,54
403,1000,2021-12-24,1,0,5,0,20,6,9800,2,188580,165
404,1000,2021-12-31,1,0,5,0,20,6,9800,2,188580,165
405,1000,2022-01-07,1,0,5,0,20,6,9800,2,188580,165
406,1000,2022-01-14,1,0,5,0,20,6,9800,2,188580,165
407,1000,2022-01-21,1,0,5,0,20,6,9800,2,188580,165
408,1000,2022-01-28,1,0,5,0,23,6,9800,2,188580,165
409,40000,2021-12-24,1,0,6,0,15,6,294000,0,5265750,51
410,10000,2021-12-24,0,0,14,0,20,9,98000,2,121600,262
411,1,2021-12-24,1,0,10,0,24,2,11.76,2,39480,277
412,1,2021-12-31,1,0,10,0,24,2,11.76,2,39480,277
413,1,2022-01-07,1,0,10,0,24,2,11.76,2,39480,277
414,1,2022-01-14,1,0,10,0,24,2,11.76,2,39480,277
415,200000,2021-12-24,0,0,13,0,30,4,2940000,3,135300,251
416,4000,2021-12-24,1,0,12,0,30,1,58800,3,146160,104
417,4000,2021-12-31,1,0,12,0,30,1,58800,3,146160,104
418,4000,2022-01-07,1,0,12,0,30,1,58800,3,146160,104
419,4000,2022-01-14,1,0,12,0,30,1,58800,3,146160,104
420,4000,2022-01-21,1,0,12,0,30,1,58800,3,146160,104
421,1000,2021-12-24,0,0,15,0,25,4,12250,3,65700,71
422,40000,2021-12-24,1,0,6,0,15,6,294000,0,5265750,51
423,4000,2021-12-24,1,0,12,0,30,1,58800,3,146160,104
424,4000,2021-12-31,1,0,12,0,30,1,58800,3,146160,104
425,4000,2022-01-07,1,0,12,0,30,1,58800,3,146160,104
426,4000,2022-01-14,1,0,12,0,30,1,58800,3,146160,104
427,4000,2022-01-21,1,0,12,0,30,1,58800,3,146160,104
428,4000,2021-12-24,1,0,12,0,30,1,58800,3,146160,104
429,4000,2021-12-31,1,0,12,0,30,1,58800,3,146160,104
430,4000,2022-01-07,1,0,12,0,30,1,58800,3,146160,104
431,4000,2022-01-14,1,0,12,0,30,1,58800,3,146160,104
432,4000,2022-01-21,1,0,12,0,30,1,58800,3,146160,104
433,800,2021-12-24,0,0,1,0,4,8,1568,3,33600,219
434,4000,2021-12-24,1,0,12,0,30,1,58800,3,146160,104
435,4000,2021-12-31,1,0,12,0,30,1,58800,3,146160,104
436,4000,2022-01-07,1,0,12,0,30,1,58800,3,146160,104
437,4000,2022-01-14,1,0,12,0,30,1,58800,3,146160,104
438,90000,2021-12-24,1,0,9,0,25,11,1102500,1,69930,181
439,4000,2022-01-21,1,0,12,0,30,1,58800,3,146160,104
440,4000,2021-12-24,1,0,12,0,30,1,58800,3,146160,104
441,4000,2021-12-31,1,0,12,0,30,1,58800,3,146160,104
442,4000,2022-01-07,1,0,12,0,30,1,58800,3,146160,104
443,4000,2022-01-14,1,0,12,0,30,1,58800,3,146160,104
444,4000,2022-01-21,1,0,12,0,30,1,58800,3,146160,104
445,2,2021-12-24,1,0,15,0,25,10,24.5,3,61740,146
446,40000,2021-12-24,1,0,6,0,15,6,294000,2,463260,51
447,4000,2021-12-24,1,0,12,0,30,1,58800,3,146160,104
448,60,2021-12-24,0,0,11,0,30,14,882,1,157950,55
449,4000,2021-12-31,1,0,12,0,30,1,58800,3,146160,104
450,4000,2022-01-07,1,0,12,0,30,1,58800,3,146160,104
451,4000,2022-01-14,1,0,12,0,30,1,58800,3,146160,104
452,4000,2022-01-21,1,0,12,0,30,1,58800,3,146160,104
453,1000,2021-12-24,0,0,15,0,25,4,12250,3,65700,71
454,1000,2021-12-24,1,0,5,0,20,6,9800,3,166950,165
455,4000,2021-12-24,1,0,12,0,30,1,58800,3,146160,104
456,1000,2021-12-31,1,0,5,0,20,6,9800,3,166950,165
457,4000,2021-12-31,1,0,12,0,30,1,58800,3,146160,104
458,1000,2022-01-07,1,0,5,0,20,6,9800,3,166950,165
459,4000,2022-01-07,1,0,12,0,30,1,58800,3,146160,104
460,1000,2022-01-14,1,0,5,0,20,6,9800,3,166950,165
461,4000,2022-01-14,1,0,12,0,30,1,58800,3,146160,104
462,1000,2022-01-21,1,0,5,0,20,6,9800,3,166950,165
463,4000,2022-01-21,1,0,12,0,30,1,58800,3,146160,104
464,1000,2022-01-28,1,0,5,0,23,6,9800,3,166950,165
465,200,2021-12-24,0,0,6,0,15,1,1470,3,44100,43
466,40000,2021-12-24,1,0,6,0,15,6,294000,2,463260,51
467,300,2021-12-24,1,0,5,0,20,12,2940,2,68880,246
468,300,2021-12-31,1,0,5,0,20,12,2940,2,68880,246
469,300,2022-01-07,1,0,5,0,20,12,2940,2,68880,246
470,40000,2021-12-24,1,0,6,0,15,6,294000,2,463260,51
471,40000,2021-12-24,1,0,6,0,15,6,294000,2,463260,51
472,3,2021-12-24,0,0,11,0,30,6,44.1,0,370000,139
473,3,2021-12-31,0,0,11,0,30,6,44.1,0,370000,139
474,3,2022-01-07,0,0,11,0,30,6,44.1,0,370000,139
475,40000,2021-12-24,1,0,6,0,15,6,294000,2,463260,51
476,5000,2021-12-24,0,0,14,0,20,9,49000,3,47100,141
477,5000,2021-12-31,0,0,14,0,20,9,49000,3,47100,141
478,200000,2021-12-24,0,0,15,0,25,2,2450000,3,79200,97
479,200000,2021-12-31,0,0,15,0,25,2,2450000,3,79200,97
480,1000,2021-12-24,0,0,2,0,80,3,39200,1,648900,173
481,40000,2021-12-24,1,0,6,0,15,6,294000,2,463260,51
482,1000,2021-12-24,0,0,15,0,25,4,12250,3,65700,71
483,40000,2021-12-24,1,0,6,0,15,6,294000,2,463260,51
484,30000,2021-12-24,1,0,13,0,30,14,441000,3,41895,188
485,30000,2021-12-31,1,0,13,0,30,14,441000,3,41895,188
486,40000,2021-12-24,1,0,6,0,15,6,294000,2,463260,51
487,40000,2021-12-24,1,0,6,0,15,6,294000,2,463260,51
488,100000,2021-12-24,1,0,3,0,8,2,392000,2,108780,29
489,100000,2021-12-31,1,0,3,0,8,2,392000,2,108780,29
490,5000,2021-12-24,1,0,5,0,20,6,49000,2,303240,14
491,5000,2021-12-31,1,0,5,0,20,6,49000,2,303240,14
492,40,2021-12-24,0,0,2,0,80,10,1568,0,1770000,138
493,40,2021-12-31,0,0,2,0,80,10,1568,0,1770000,138
494,40,2022-01-07,0,0,2,0,80,10,1568,0,1770000,138
495,40,2022-01-14,0,0,2,0,80,10,1568,0,1770000,138
496,40,2022-01-21,0,0,2,0,80,10,1568,0,1770000,138
497,40,2022-01-28,0,0,2,2040,100,10,1568,0,NULL,138
498,40,2022-02-04,0,0,2,816,40,10,1568,0,NULL,138
499,40,2022-02-11,0,0,2,979.2,48,10,1568,0,NULL,138
500,40,2022-02-18,0,0,2,1028.16,50.4,10,1568,0,NULL,138
501,40,2022-02-25,0,0,2,816,40,10,1568,0,NULL,138
502,500000,2021-12-24,1,0,1,0,4,5,980000,2,142380,291
503,500000,2021-12-31,1,0,1,0,4,5,980000,2,142380,291
504,500000,2022-01-07,1,0,1,0,4,5,980000,2,142380,291
505,500000,2022-01-14,1,0,1,1020000,4,5,980000,2,NULL,291
506,4000,2021-12-24,1,0,12,0,30,1,58800,3,146160,104
507,4000,2021-12-31,1,0,12,0,30,1,58800,3,146160,104
508,4000,2022-01-07,1,0,12,0,30,1,58800,3,146160,104
509,4000,2022-01-14,1,0,12,0,30,1,58800,3,146160,104
510,4000,2022-01-21,1,0,12,0,30,1,58800,3,146160,104
511,400,2021-12-24,0,0,5,0,20,1,3920,3,204900,189
512,400,2021-12-31,0,0,5,0,20,1,3920,3,204900,189
513,200000,2021-12-25,1,0,3,0,8,1,784000,2,266280,61
514,200000,2022-01-01,1,0,3,0,8,1,784000,2,266280,61
515,200000,2022-01-08,1,0,3,0,8,1,784000,2,266280,61
516,200000,2022-01-15,1,1,3,0,NULL,1,784000,2,NULL,61
517,200000,2022-01-22,1,1,3,0,NULL,1,784000,2,NULL,61
518,200000,2022-01-29,1,1,3,0,NULL,1,784000,2,NULL,61
519,200000,2022-02-05,1,1,3,0,NULL,1,784000,2,NULL,61
520,200000,2022-02-12,1,1,3,0,NULL,1,784000,2,NULL,61
521,200000,2022-02-19,1,1,3,0,NULL,1,784000,2,NULL,61
522,200000,2022-02-26,1,1,3,0,NULL,1,784000,2,NULL,61
523,1000,2021-12-25,1,0,5,0,20,6,9800,0,2142000,165
524,1000,2022-01-01,1,0,5,0,20,6,9800,0,2142000,165
525,1000,2022-01-08,1,0,5,0,20,6,9800,0,2142000,165
526,1000,2022-01-15,1,0,5,0,20,6,9800,0,2142000,165
527,600,2021-12-25,1,0,14,0,20,4,5880,0,882000,215
528,1000,2022-01-22,1,0,5,0,23,6,9800,0,2142000,165
529,600,2022-01-01,1,0,14,0,20,4,5880,0,882000,215
530,1000,2022-01-29,1,0,5,0,16.1,6,9800,0,2142000,165
531,600,2022-01-08,1,0,14,0,20,4,5880,0,882000,215
532,600,2022-01-15,1,0,14,0,20,4,5880,0,882000,215
533,600,2022-01-22,1,0,14,0,35,4,5880,0,882000,215
534,600,2022-01-29,1,0,14,0,42,4,5880,0,882000,215
535,600,2022-02-05,1,1,14,0,NULL,4,5880,0,NULL,215
536,600,2022-02-12,1,0,14,0,30.24,4,5880,0,882000,215
537,600,2022-02-19,1,1,14,0,NULL,4,5880,0,NULL,215
538,600,2022-02-26,1,1,14,0,NULL,4,5880,0,NULL,215
539,2000,2021-12-25,0,0,13,0,30,4,29400,3,198900,223
540,20000,2021-12-25,0,0,2,0,80,4,784000,3,105900,87
541,20000,2022-01-01,0,0,2,0,80,4,784000,3,105900,87
542,150,2021-12-25,1,0,11,0,30,6,2205,3,171360,36
543,150,2022-01-01,1,0,11,0,30,6,2205,3,171360,36
544,1,2021-12-25,0,0,11,0,30,8,14.7,3,118800,108
545,100,2021-12-25,0,0,5,0,20,1,980,3,44100,43
546,8000,2021-12-25,1,0,14,0,20,14,78400,3,68670,91
547,8000,2022-01-01,1,0,14,0,20,14,78400,3,68670,91
548,8000,2022-01-08,1,0,14,0,20,14,78400,3,68670,91
549,8000,2022-01-15,1,0,14,0,20,14,78400,3,68670,91
550,8000,2022-01-22,1,0,14,0,19,14,78400,3,68670,91
551,2500,2021-12-25,1,0,14,0,20,5,24500,3,26460,102
552,11000,2021-12-25,1,0,8,0,21,6,113190,2,89040,34
553,10000,2021-12-25,1,0,2,0,80,4,392000,1,249480,67
554,10000,2022-01-01,1,0,2,0,80,4,392000,1,249480,67
555,10000,2022-01-08,1,0,2,0,80,4,392000,1,249480,67
556,10000,2022-01-15,1,0,2,0,80,4,392000,1,249480,67
557,10000,2022-01-22,1,0,2,387600,76,4,392000,1,NULL,67
558,3,2021-12-25,1,0,14,0,20,3,29.4,0,630000,154
559,3,2022-01-01,1,0,14,0,20,3,29.4,0,630000,154
560,3,2022-01-08,1,0,14,0,20,3,29.4,0,630000,154
561,40000,2021-12-25,1,0,6,0,15,6,294000,0,5265750,51
562,4000,2021-12-25,1,0,12,0,30,1,58800,3,146160,104
563,4000,2022-01-01,1,0,12,0,30,1,58800,3,146160,104
564,4000,2022-01-08,1,0,12,0,30,1,58800,3,146160,104
565,4000,2022-01-15,1,0,12,0,30,1,58800,3,146160,104
566,4000,2022-01-22,1,0,12,0,33,1,58800,3,146160,104
567,12,2021-12-25,0,0,7,0,20,13,117.6,3,135300,73
568,12,2022-01-01,0,0,7,0,20,13,117.6,3,135300,73
569,1000,2021-12-25,1,0,12,0,30,1,14700,3,81270,259
570,15000,2021-12-25,0,0,3,0,8,13,58800,2,136400,268
571,15000,2022-01-01,0,0,3,0,8,13,58800,2,136400,268
572,10000,2021-12-25,0,0,15,0,25,9,122500,3,47100,141
573,1200,2021-12-25,1,0,6,0,15,2,8820,2,324240,246
574,1200,2022-01-01,1,0,6,0,15,2,8820,2,324240,246
575,1200,2022-01-08,1,0,6,0,15,2,8820,2,324240,246
576,1000,2021-12-25,0,0,2,0,80,12,39200,3,132300,186
577,100000,2021-12-25,1,0,2,0,80,3,3920000,3,28980,196
578,1500,2021-12-25,1,0,15,0,25,5,18375,1,41107.5,102
579,1500,2021-12-25,1,0,15,0,25,5,18375,1,41107.5,102
580,50000,2021-12-25,1,0,3,0,8,2,196000,2,91140,14
581,1500,2021-12-25,1,0,15,0,25,5,18375,1,41107.5,102
582,100,2021-12-25,1,0,1,0,4,1,196,2,108780,81
583,10000,2021-12-25,1,0,5,0,20,9,98000,0,1863750,51
584,10000,2022-01-01,1,0,5,102000,20,9,98000,0,NULL,51
585,3,2021-12-25,0,0,15,0,25,3,36.75,0,600000,154
586,3,2022-01-01,0,0,15,0,25,3,36.75,0,600000,154
587,3,2022-01-08,0,0,15,0,25,3,36.75,0,600000,154
588,1500,2021-12-25,1,0,15,0,25,5,18375,1,41107.5,102
589,1500,2021-12-25,1,0,15,0,25,5,18375,1,41107.5,102
590,200000,2021-12-25,0,0,14,0,20,2,1960000,3,79200,97
591,200000,2022-01-01,0,0,14,0,20,2,1960000,3,79200,97
592,200000,2022-01-08,0,0,14,0,20,2,1960000,3,79200,97
593,667,2021-12-25,1,0,13,0,30,11,9804.9,3,48195,13
594,667,2022-01-01,1,0,13,0,30,11,9804.9,3,48195,13
595,667,2022-01-08,1,0,13,0,30,11,9804.9,3,48195,13
596,250000,2021-12-25,1,0,1,0,4,1,490000,1,74182.5,116
597,6200,2021-12-25,1,0,15,0,25,4,75950,2,69720,12
598,10000,2021-12-25,1,0,5,0,20,9,98000,0,1863750,51
599,10000,2022-01-01,1,0,5,102000,20,9,98000,0,NULL,51
600,3,2021-12-25,1,0,15,0,25,3,36.75,0,630000,154
601,3,2022-01-01,1,0,15,0,25,3,36.75,0,630000,154
602,3,2022-01-08,1,0,15,0,25,3,36.75,0,630000,154
603,10000,2021-12-25,1,0,5,0,20,9,98000,0,1863750,51
604,10000,2022-01-01,1,0,5,102000,20,9,98000,0,NULL,51
605,10000,2021-12-25,1,0,5,0,20,9,98000,0,1863750,51
606,10000,2022-01-01,1,0,5,102000,20,9,98000,0,NULL,51
607,10000,2021-12-25,1,0,5,0,20,9,98000,0,1863750,51
608,10000,2022-01-01,1,0,5,102000,20,9,98000,0,NULL,51
609,10000,2021-12-25,1,0,5,0,20,9,98000,0,1863750,51
610,10000,2022-01-01,1,0,5,102000,20,9,98000,0,NULL,51
611,10000,2021-12-25,1,0,5,0,20,9,98000,0,1863750,51
612,10000,2022-01-01,1,0,5,102000,20,9,98000,0,NULL,51
613,1500,2021-12-25,1,0,15,0,25,5,18375,1,41107.5,102
614,1500,2021-12-25,1,0,15,0,25,5,18375,1,41107.5,102
615,1500,2021-12-25,1,0,15,0,25,5,18375,1,41107.5,102
616,1500,2021-12-25,1,0,15,0,25,5,18375,1,41107.5,102
617,1,2021-12-25,1,0,15,0,25,2,12.25,1,54810,277
618,1,2022-01-01,1,0,15,0,25,2,12.25,1,54810,277
619,1,2022-01-08,1,0,15,0,25,2,12.25,1,54810,277
620,1,2022-01-15,1,0,15,0,25,2,12.25,1,54810,277
621,2000,2021-12-25,0,0,12,0,30,7,29400,3,66600,53
622,2000,2021-12-25,1,0,15,0,25,5,24500,0,540750,104
623,2000,2022-01-01,1,0,15,0,25,5,24500,0,540750,104
624,2000,2022-01-08,1,0,15,0,25,5,24500,0,540750,104
625,2000,2022-01-15,1,0,15,0,25,5,24500,0,540750,104
626,2000,2022-01-22,1,0,15,0,23.75,5,24500,0,540750,104
627,3,2021-12-25,1,0,15,0,25,3,36.75,0,630000,154
628,3,2022-01-01,1,0,15,0,25,3,36.75,0,630000,154
629,3,2022-01-08,1,0,15,0,25,3,36.75,0,630000,154
630,10000,2021-12-25,1,0,5,0,20,9,98000,0,1863750,51
631,10000,2022-01-01,1,0,5,102000,20,9,98000,0,NULL,51
632,3,2021-12-25,1,0,15,0,25,3,36.75,0,630000,154
633,3,2022-01-01,1,0,15,0,25,3,36.75,0,630000,154
634,3,2022-01-08,1,0,15,0,25,3,36.75,0,630000,154
635,3,2021-12-25,1,0,15,0,25,3,36.75,0,630000,154
636,3,2022-01-01,1,0,15,0,25,3,36.75,0,630000,154
637,3,2022-01-08,1,0,15,0,25,3,36.75,0,630000,154
638,10000,2021-12-25,1,0,5,0,20,9,98000,0,1863750,51
639,10000,2022-01-01,1,0,5,102000,20,9,98000,0,NULL,51
640,8,2021-12-25,1,0,1,0,4,8,15.68,3,127260,146
641,8,2022-01-01,1,0,1,0,4,8,15.68,3,127260,146
642,10000,2021-12-25,1,0,5,0,20,9,98000,0,1863750,51
643,10000,2022-01-01,1,0,5,102000,20,9,98000,0,NULL,51
644,10000,2021-12-25,1,0,5,0,20,9,98000,0,1863750,51
645,10000,2022-01-01,1,0,5,102000,20,9,98000,0,NULL,51
646,10000,2021-12-25,1,0,5,0,20,9,98000,0,1863750,51
647,10000,2022-01-01,1,0,5,102000,20,9,98000,0,NULL,51
648,60,2021-12-25,0,0,7,0,20,13,588,3,61200,273
649,2000,2021-12-25,1,0,15,0,25,5,24500,2,47460,104
650,2000,2022-01-01,1,0,15,0,25,5,24500,2,47460,104
651,2000,2022-01-08,1,0,15,0,25,5,24500,2,47460,104
652,2000,2022-01-15,1,0,15,0,25,5,24500,2,47460,104
653,2000,2022-01-22,1,0,15,0,23.75,5,24500,2,47460,104
654,2000,2021-12-25,0,0,15,0,25,6,24500,3,109500,223
655,160000,2021-12-25,1,0,1,0,4,5,313600,1,157815,65
656,2000,2021-12-25,1,0,15,0,25,5,24500,2,47460,104
657,2000,2022-01-01,1,0,15,0,25,5,24500,2,47460,104
658,2000,2022-01-08,1,0,15,0,25,5,24500,2,47460,104
659,2000,2022-01-15,1,0,15,0,25,5,24500,2,47460,104
660,2000,2022-01-22,1,0,15,0,23.75,5,24500,2,47460,104
661,2000,2021-12-25,1,0,15,0,25,5,24500,2,47460,104
662,2000,2022-01-01,1,0,15,0,25,5,24500,2,47460,104
663,2000,2022-01-08,1,0,15,0,25,5,24500,2,47460,104
664,2000,2022-01-15,1,0,15,0,25,5,24500,2,47460,104
665,2000,2022-01-22,1,0,15,0,23.75,5,24500,2,47460,104
666,1500,2021-12-25,1,0,15,0,25,5,18375,1,41107.5,102
667,1500,2021-12-25,1,0,15,0,25,5,18375,1,41107.5,102
668,1500,2021-12-25,1,0,15,0,25,5,18375,1,41107.5,102
669,1500,2021-12-25,1,0,15,0,25,5,18375,1,41107.5,102
670,1500,2021-12-25,1,0,15,0,25,5,18375,1,41107.5,102
671,1500,2021-12-25,1,0,15,0,25,5,18375,1,41107.5,102
672,1500,2021-12-25,1,0,15,0,25,5,18375,1,41107.5,102
673,1500,2021-12-25,1,0,15,0,25,5,18375,1,41107.5,102
674,1500,2021-12-25,1,0,15,0,25,5,18375,1,41107.5,102
675,1500,2021-12-25,1,0,15,0,25,5,18375,1,41107.5,102
676,1500,2021-12-25,1,0,15,0,25,5,18375,1,41107.5,102
677,1500,2021-12-25,1,0,15,0,25,5,18375,1,41107.5,102
678,10000,2021-12-25,1,0,5,0,20,9,98000,0,1863750,51
679,1500,2021-12-25,1,0,15,0,25,5,18375,1,41107.5,102
680,10000,2022-01-01,1,0,5,102000,20,9,98000,0,NULL,51
681,1500,2021-12-25,1,0,15,0,25,5,18375,1,41107.5,102
682,500,2021-12-25,0,0,15,0,25,1,6125,3,77400,259
683,2000,2021-12-25,0,0,15,0,25,6,24500,3,109500,223
684,1,2021-12-25,0,0,15,0,25,2,12.25,3,66000,108
685,3,2021-12-25,1,0,15,0,25,3,36.75,0,630000,154
686,3,2022-01-01,1,0,15,0,25,3,36.75,0,630000,154
687,3,2022-01-08,1,0,15,0,25,3,36.75,0,630000,154
688,600,2021-12-25,1,0,13,0,30,11,8820,2,60060,23
689,10000,2021-12-25,1,0,15,0,25,2,122500,2,91140,14
690,3000,2021-12-25,0,0,2,0,80,4,117600,0,1695000,93
691,3000,2022-01-01,0,0,2,0,80,4,117600,0,1695000,93
692,3000,2022-01-08,0,0,2,0,80,4,117600,0,1695000,93
693,3000,2022-01-15,0,0,2,0,80,4,117600,0,1695000,93
694,3,2021-12-25,1,0,15,0,25,3,36.75,0,630000,154
695,3,2022-01-01,1,0,15,0,25,3,36.75,0,630000,154
696,3,2022-01-08,1,0,15,0,25,3,36.75,0,630000,154
697,10000,2021-12-25,1,0,15,0,25,2,122500,2,91140,14
698,500,2021-12-25,0,0,15,0,25,1,6125,3,77400,259
699,50,2021-12-25,0,0,5,0,20,12,490,1,76050,174
700,50,2022-01-01,0,0,5,0,20,12,490,1,76050,174
701,50,2022-01-08,0,0,5,0,20,12,490,1,76050,174
702,50,2022-01-15,0,0,5,0,20,12,490,1,76050,174
703,50,2022-01-22,0,0,5,0,21,12,490,1,76050,174
704,50,2022-01-29,0,0,5,0,22.05,12,490,1,76050,174
705,50,2022-02-05,0,0,5,0,20.9475,12,490,1,76050,174
706,50,2022-02-12,0,0,5,0,29.3265,12,490,1,76050,174
707,50,2022-02-19,0,0,5,0,11.7306,12,490,1,76050,174
708,50,2022-02-26,0,0,5,0,13.4902,12,490,1,76050,174
709,10000,2021-12-25,1,0,15,0,25,2,122500,2,91140,14
710,100000,2021-12-25,1,0,3,0,8,13,392000,3,48825,112
711,100000,2022-01-01,1,0,3,0,8,13,392000,3,48825,112
712,100000,2022-01-08,1,0,3,0,8,13,392000,3,48825,112
713,100000,2022-01-15,1,0,3,0,8,13,392000,3,48825,112
714,100000,2022-01-22,1,0,3,0,5.6,13,392000,3,48825,112
715,100000,2022-01-29,1,0,3,0,8.4,13,392000,3,48825,112
716,100000,2022-02-05,1,0,3,0,7.98,13,392000,3,48825,112
717,100000,2022-02-12,1,0,3,0,8.379,13,392000,3,48825,112
718,100000,2022-02-19,1,0,3,0,7.96005,13,392000,3,48825,112
719,100000,2022-02-26,1,0,3,0,8.35805,13,392000,3,48825,112
720,80000,2021-12-25,1,0,3,0,8,2,313600,2,120120,88
721,80000,2022-01-01,1,0,3,0,8,2,313600,2,120120,88
722,80000,2022-01-08,1,0,3,0,8,2,313600,2,120120,88
723,80000,2022-01-15,1,0,3,0,8,2,313600,2,120120,88
724,80000,2022-01-22,1,0,3,0,7.2,2,313600,2,120120,88
725,7500,2021-12-26,0,0,15,0,25,9,91875,2,121600,262
726,2000,2021-12-26,0,0,15,0,25,6,24500,3,109500,223
727,3,2021-12-26,1,0,15,0,25,3,36.75,1,76545,154
728,3,2022-01-02,1,0,15,0,25,3,36.75,1,76545,154
729,3,2022-01-09,1,0,15,0,25,3,36.75,1,76545,154
730,10000,2021-12-26,1,0,15,0,25,2,122500,2,91140,14
731,500,2021-12-26,0,0,11,0,30,6,7350,0,370000,139
732,500,2022-01-02,0,0,11,0,30,6,7350,0,370000,139
733,500,2022-01-09,0,0,11,0,30,6,7350,0,370000,139
734,25,2021-12-26,1,0,14,0,20,4,245,3,175770,54
735,3,2021-12-26,1,0,11,0,30,14,44.1,3,131670,96
736,3,2022-01-02,1,0,11,0,30,14,44.1,3,131670,96
737,3,2022-01-09,1,0,11,0,30,14,44.1,3,131670,96
738,4000,2021-12-26,1,0,6,0,15,2,29400,2,128520,213
739,4000,2022-01-02,1,0,6,0,15,2,29400,2,128520,213
740,4000,2022-01-09,1,0,6,0,15,2,29400,2,128520,213
741,30,2021-12-26,1,0,14,0,20,2,294,2,74340,68
742,40,2021-12-26,0,0,14,0,20,2,392,0,635000,35
743,40,2022-01-02,0,0,14,0,20,2,392,0,635000,35
744,40,2022-01-09,0,0,14,0,20,2,392,0,635000,35
745,40,2022-01-16,0,0,14,0,20,2,392,0,635000,35
746,40,2022-01-23,0,0,14,0,21,2,392,0,635000,35
747,900,2021-12-26,1,0,11,0,30,8,13230,3,40320,144
748,200000,2021-12-26,1,0,14,0,20,2,1960000,2,108780,29
749,200000,2022-01-02,1,0,14,0,20,2,1960000,2,108780,29
750,200000,2022-01-09,1,0,14,0,20,2,1960000,2,108780,29
751,200000,2022-01-16,1,0,14,0,20,2,1960000,2,108780,29
752,200000,2022-01-23,1,0,14,0,21,2,1960000,2,108780,29
753,200000,2022-01-30,1,0,14,0,22.05,2,1960000,2,108780,29
754,200000,2022-02-06,1,0,14,0,23.1525,2,1960000,2,108780,29
755,200000,2022-02-13,1,0,14,2243480,21.9949,2,1960000,2,NULL,29
756,200000,2022-02-20,1,0,14,2019130,19.7954,2,1960000,2,NULL,29
757,200000,2022-02-27,1,0,14,1918170,18.8056,2,1960000,2,NULL,29
758,102,2021-12-26,0,0,11,0,30,14,1499.4,2,192000,147
759,102,2022-01-02,0,0,11,0,30,14,1499.4,2,192000,147
760,102,2022-01-09,0,0,11,0,30,14,1499.4,2,192000,147
761,102,2022-01-16,0,0,11,0,30,14,1499.4,2,192000,147
762,1000,2021-12-26,0,0,15,0,25,4,12250,3,149100,53
763,4,2021-12-26,0,0,13,0,30,4,58.8,0,1475000,73
764,4,2022-01-02,0,0,13,0,30,4,58.8,0,1475000,73
765,300,2021-12-26,0,0,11,0,30,6,4410,2,32800,139
766,300,2022-01-02,0,0,11,0,30,6,4410,2,32800,139
767,300,2021-12-26,1,0,15,0,25,12,3675,2,68880,246
768,300,2022-01-02,1,0,15,0,25,12,3675,2,68880,246
769,300,2022-01-09,1,0,15,0,25,12,3675,2,68880,246
770,300,2021-12-26,0,0,11,0,30,6,4410,2,32800,139
771,300,2022-01-02,0,0,11,0,30,6,4410,2,32800,139
772,600,2021-12-26,1,0,14,0,20,2,5880,3,70560,36
773,600,2022-01-02,1,0,14,0,20,2,5880,3,70560,36
774,12,2021-12-26,1,0,14,0,20,8,117.6,3,37800,89
775,100000,2021-12-26,1,0,1,0,4,1,196000,2,84420,31
776,100000,2022-01-02,1,0,1,0,4,1,196000,2,84420,31
777,100000,2022-01-09,1,0,1,0,4,1,196000,2,84420,31
778,100000,2022-01-16,1,0,1,0,4,1,196000,2,84420,31
779,100000,2022-01-23,1,0,1,0,4.4,1,196000,2,84420,31
780,300,2021-12-26,0,0,11,0,30,6,4410,2,32800,139
781,300,2022-01-02,0,0,11,0,30,6,4410,2,32800,139
782,1,2021-12-26,1,0,14,0,20,2,9.8,1,54810,277
783,1,2022-01-02,1,0,14,0,20,2,9.8,1,54810,277
784,1,2022-01-09,1,0,14,0,20,2,9.8,1,54810,277
785,1,2022-01-16,1,0,14,0,20,2,9.8,1,54810,277
786,1000000,2021-12-26,1,0,3,0,8,13,3920000,2,21420,155
787,300,2021-12-26,0,0,11,0,30,6,4410,2,32800,139
788,300,2022-01-02,0,0,11,0,30,6,4410,2,32800,139
789,300,2021-12-26,0,0,11,0,30,6,4410,2,32800,139
790,300,2022-01-02,0,0,11,0,30,6,4410,2,32800,139
791,1,2021-12-26,0,0,14,0,20,1,9.8,3,188100,70
792,300,2021-12-26,0,0,11,0,30,6,4410,2,32800,139
793,300,2022-01-02,0,0,11,0,30,6,4410,2,32800,139
794,9,2021-12-26,1,0,11,0,30,14,132.3,2,64260,50
795,9,2022-01-02,1,0,11,0,30,14,132.3,2,64260,50
796,9,2021-12-26,1,0,14,0,20,10,88.2,3,61740,146
797,9,2022-01-02,1,0,14,0,20,10,88.2,3,61740,146
798,1500,2021-12-26,1,0,15,0,25,11,18375,2,60060,23
799,200000,2021-12-26,1,0,14,0,20,14,1960000,3,41895,188
800,200000,2022-01-02,1,0,14,0,20,14,1960000,3,41895,188
801,15000,2021-12-26,0,0,1,0,4,8,29400,3,124800,250
802,1256,2021-12-26,1,0,1,0,4,8,2461.76,3,108675,193
803,16000,2021-12-26,0,0,1,0,4,8,31360,1,227250,141
804,20,2021-12-26,0,0,6,0,15,6,147,2,130000,18
805,20,2022-01-02,0,0,6,0,15,6,147,2,130000,18
806,500,2021-12-26,0,0,2,0,80,10,19600,2,155600,138
807,500,2022-01-02,0,0,2,0,80,10,19600,2,155600,138
808,500,2022-01-09,0,0,2,0,80,10,19600,2,155600,138
809,500,2022-01-16,0,0,2,0,80,10,19600,2,155600,138
810,500,2022-01-23,0,0,2,0,100,10,19600,2,155600,138
811,500,2022-01-30,0,0,2,0,40,10,19600,2,155600,138
812,500,2022-02-06,0,0,2,12240,48,10,19600,2,NULL,138
813,500,2022-02-13,0,0,2,12852,50.4,10,19600,2,NULL,138
814,500,2022-02-20,0,0,2,0,40,10,19600,2,155600,138
815,500,2022-02-27,0,0,2,0,40,10,19600,2,155600,138
816,3000,2021-12-26,1,0,5,0,20,6,29400,2,193620,213
817,3000,2022-01-02,1,0,5,0,20,6,29400,2,193620,213
818,3000,2022-01-09,1,0,5,0,20,6,29400,2,193620,213
819,200,2021-12-26,0,0,12,0,30,14,2940,0,745000,59
820,200,2022-01-02,0,1,12,0,NULL,14,2940,0,NULL,59
821,200,2022-01-09,0,1,12,0,NULL,14,2940,0,NULL,59
822,200,2022-01-16,0,1,12,0,NULL,14,2940,0,NULL,59
823,200,2022-01-23,0,0,12,0,28.5,14,2940,0,745000,59
824,200,2022-01-30,0,1,12,0,NULL,14,2940,0,NULL,59
825,200,2022-02-06,0,1,12,0,NULL,14,2940,0,NULL,59
826,200,2022-02-13,0,1,12,0,NULL,14,2940,0,NULL,59
827,200,2022-02-20,0,1,12,0,NULL,14,2940,0,NULL,59
828,60,2021-12-26,0,0,15,0,25,13,735,1,50850,55
829,1000,2021-12-26,1,0,12,0,30,3,14700,1,171990,65
830,32000,2021-12-26,1,0,1,0,4,5,62720,3,83475,88
831,32000,2022-01-02,1,0,1,0,4,5,62720,3,83475,88
832,32000,2022-01-09,1,0,1,0,4,5,62720,3,83475,88
833,32000,2022-01-16,1,0,1,0,4,5,62720,3,83475,88
834,32000,2022-01-23,1,0,1,0,4.2,5,62720,3,83475,88
835,32000,2022-01-30,1,0,1,0,2.73,5,62720,3,83475,88
836,32000,2022-02-06,1,0,1,0,3.1395,5,62720,3,83475,88
837,32000,2022-02-13,1,0,1,43551.2,2.66858,5,62720,3,NULL,88
838,32000,2022-02-20,1,0,1,41373.6,2.53515,5,62720,3,NULL,88
839,32000,2022-02-27,1,0,1,43442.4,2.66191,5,62720,3,NULL,88
840,1200,2021-12-26,1,0,14,0,20,8,11760,3,40320,144
841,1200,2021-12-26,1,0,14,0,20,8,11760,3,40320,144
842,600,2021-12-26,1,0,12,0,30,14,8820,2,203280,246
843,600,2022-01-02,1,0,12,0,30,14,8820,2,203280,246
844,300,2021-12-26,0,0,11,0,30,6,4410,0,370000,139
845,600,2022-01-09,1,0,12,0,30,14,8820,2,203280,246
846,300,2022-01-02,0,0,11,0,30,6,4410,0,370000,139
847,300,2022-01-09,0,0,11,0,30,6,4410,0,370000,139
848,300,2021-12-26,0,0,11,0,30,6,4410,0,370000,139
849,300,2022-01-02,0,0,11,0,30,6,4410,0,370000,139
850,300,2022-01-09,0,0,11,0,30,6,4410,0,370000,139
851,200,2021-12-26,0,0,12,0,30,1,2940,3,44100,43
852,30000,2021-12-26,1,0,2,0,80,3,1176000,1,260347,169
853,1200,2021-12-26,1,0,14,0,20,8,11760,3,40320,144
854,300,2021-12-26,0,0,11,0,30,6,4410,0,370000,139
855,300,2022-01-02,0,0,11,0,30,6,4410,0,370000,139
856,300,2022-01-09,0,0,11,0,30,6,4410,0,370000,139
857,300,2021-12-26,0,0,11,0,30,6,4410,0,370000,139
858,300,2022-01-02,0,0,11,0,30,6,4410,0,370000,139
859,300,2022-01-09,0,0,11,0,30,6,4410,0,370000,139
860,600,2021-12-26,1,0,12,0,30,14,8820,2,203280,246
861,600,2022-01-02,1,0,12,0,30,14,8820,2,203280,246
862,600,2022-01-09,1,0,12,0,30,14,8820,2,203280,246
863,3,2021-12-26,1,0,14,0,20,4,29.4,3,45990,96
864,3,2022-01-02,1,0,14,0,20,4,29.4,3,45990,96
865,3,2022-01-09,1,0,14,0,20,4,29.4,3,45990,96
866,1200,2021-12-26,1,0,14,0,20,8,11760,3,40320,144
867,1200,2021-12-26,1,0,14,0,20,8,11760,3,40320,144
868,2000,2021-12-26,0,0,14,0,20,6,19600,3,109500,223
869,1200,2021-12-26,1,0,14,0,20,8,11760,3,40320,144
870,1200,2021-12-26,1,0,14,0,20,8,11760,3,40320,144
871,600,2021-12-26,1,0,12,0,30,14,8820,2,203280,246
872,600,2022-01-02,1,0,12,0,30,14,8820,2,203280,246
873,600,2022-01-09,1,0,12,0,30,14,8820,2,203280,246
874,100,2021-12-26,0,0,11,0,30,14,1470,0,1345000,35
875,1200,2021-12-26,1,0,14,0,20,8,11760,3,40320,144
876,100,2022-01-02,0,0,11,0,30,14,1470,0,1345000,35
877,100,2022-01-09,0,0,11,0,30,14,1470,0,1345000,35
878,150,2021-12-26,1,0,15,0,25,5,1837.5,3,68040,36
879,150,2022-01-02,1,0,15,0,25,5,1837.5,3,68040,36
880,3,2021-12-26,1,0,14,0,20,4,29.4,3,45990,96
881,3,2022-01-02,1,0,14,0,20,4,29.4,3,45990,96
882,3,2022-01-09,1,0,14,0,20,4,29.4,3,45990,96
883,500,2021-12-26,1,0,2,0,80,4,19600,3,97335,81
884,150,2021-12-26,1,0,15,0,25,5,1837.5,3,68040,36
885,150,2022-01-02,1,0,15,0,25,5,1837.5,3,68040,36
886,3,2021-12-26,1,0,14,0,20,4,29.4,3,45990,96
887,3,2022-01-02,1,0,14,0,20,4,29.4,3,45990,96
888,3,2022-01-09,1,0,14,0,20,4,29.4,3,45990,96
889,6,2021-12-26,1,0,2,0,80,10,235.2,3,61740,146
890,6,2022-01-02,1,0,2,0,80,10,235.2,3,61740,146
891,600,2021-12-26,1,0,12,0,30,14,8820,2,203280,246
892,600,2022-01-02,1,0,12,0,30,14,8820,2,203280,246
893,600,2022-01-09,1,0,12,0,30,14,8820,2,203280,246
894,1200,2021-12-26,1,0,14,0,20,8,11760,3,40320,144
895,50000,2021-12-26,1,0,15,0,25,1,612500,3,81270,259
896,1500,2021-12-26,1,0,11,0,30,6,22050,1,160650,102
897,667,2021-12-26,1,0,14,0,20,4,6536.6,3,156240,13
898,1200,2021-12-26,1,0,14,0,20,8,11760,3,40320,144
899,667,2022-01-02,1,0,14,0,20,4,6536.6,3,156240,13
900,667,2022-01-09,1,0,14,0,20,4,6536.6,3,156240,13
901,150,2021-12-26,1,0,15,0,25,5,1837.5,3,68040,36
902,150,2022-01-02,1,0,15,0,25,5,1837.5,3,68040,36
903,150,2021-12-26,1,0,15,0,25,5,1837.5,3,68040,36
904,150,2022-01-02,1,0,15,0,25,5,1837.5,3,68040,36
905,150,2021-12-26,1,0,15,0,25,5,1837.5,3,68040,36
906,150,2022-01-02,1,0,15,0,25,5,1837.5,3,68040,36
907,500,2021-12-26,1,0,2,0,80,4,19600,3,102375,140
908,150,2021-12-26,1,0,15,0,25,5,1837.5,3,68040,36
909,500,2022-01-02,1,0,2,0,80,4,19600,3,102375,140
910,150,2022-01-02,1,0,15,0,25,5,1837.5,3,68040,36
911,150,2021-12-26,1,0,15,0,25,5,1837.5,3,68040,36
912,150,2022-01-02,1,0,15,0,25,5,1837.5,3,68040,36
913,2000,2021-12-26,0,0,14,0,20,6,19600,3,109500,223
914,3,2021-12-26,1,0,14,0,20,4,29.4,3,45990,96
915,3,2022-01-02,1,0,14,0,20,4,29.4,3,45990,96
916,3,2022-01-09,1,0,14,0,20,4,29.4,3,45990,96
917,3,2021-12-26,1,0,14,0,20,4,29.4,3,45990,96
918,3,2022-01-02,1,0,14,0,20,4,29.4,3,45990,96
919,3,2022-01-09,1,0,14,0,20,4,29.4,3,45990,96
920,70,2021-12-26,0,0,14,0,20,2,686,2,70800,68
921,250000,2021-12-26,0,0,11,0,30,14,3675000,3,199800,108
922,150,2021-12-26,1,0,15,0,25,5,1837.5,3,68040,36
923,150,2022-01-02,1,0,15,0,25,5,1837.5,3,68040,36
924,150,2021-12-26,1,0,15,0,25,5,1837.5,3,68040,36
925,150,2022-01-02,1,0,15,0,25,5,1837.5,3,68040,36
926,70,2021-12-27,0,0,14,0,20,2,686,2,70800,68
927,150,2021-12-27,1,0,15,0,25,5,1837.5,3,68040,36
928,150,2022-01-03,1,0,15,0,25,5,1837.5,3,68040,36
929,2000,2021-12-27,0,0,14,0,20,6,19600,3,109500,223
930,3,2021-12-27,1,0,14,0,20,4,29.4,3,45990,96
931,3,2022-01-03,1,0,14,0,20,4,29.4,3,45990,96
932,3,2022-01-10,1,0,14,0,20,4,29.4,3,45990,96
933,200,2021-12-27,0,0,6,0,15,10,1470,1,437850,174
934,200,2022-01-03,0,0,6,0,15,10,1470,1,437850,174
935,200,2022-01-10,0,0,6,0,15,10,1470,1,437850,174
936,200,2022-01-17,0,0,6,0,15,10,1470,1,437850,174
937,200,2022-01-24,0,0,6,0,10,10,1470,1,437850,174
938,200,2022-01-31,0,0,6,0,16,10,1470,1,437850,174
939,200,2022-02-07,0,0,6,0,15.2,10,1470,1,437850,174
940,200,2022-02-14,0,0,6,0,20.748,10,1470,1,437850,174
941,200,2022-02-21,0,0,6,0,22.3975,10,1470,1,437850,174
942,200,2022-02-28,0,0,6,0,28.2208,10,1470,1,437850,174
943,1600,2021-12-27,1,0,1,0,4,7,3136,2,126000,23
944,15000,2021-12-27,1,0,15,0,25,2,183750,0,2577750,159
945,1,2021-12-27,1,0,13,0,30,14,14.7,2,107940,277
946,1,2022-01-03,1,0,13,0,30,14,14.7,2,107940,277
947,1,2022-01-10,1,0,13,0,30,14,14.7,2,107940,277
948,1,2022-01-17,1,0,13,0,30,14,14.7,2,107940,277
949,1,2022-01-24,1,0,13,0,31.5,14,14.7,2,107940,277
950,1,2022-01-31,1,0,13,0,29.925,14,14.7,2,107940,277
951,1,2022-02-07,1,0,13,0,40.3988,14,14.7,2,107940,277
952,1,2022-02-14,1,0,13,0,28.2792,14,14.7,2,107940,277
953,1,2021-12-27,0,0,11,0,30,3,14.7,3,364800,70
954,1,2022-02-21,1,0,13,0,50.9026,14,14.7,2,107940,277
955,1,2022-02-28,1,0,13,0,43.2672,14,14.7,2,107940,277
956,6,2021-12-27,1,0,2,0,80,10,235.2,3,61740,146
957,6,2022-01-03,1,0,2,0,80,10,235.2,3,61740,146
958,100,2021-12-27,1,0,2,0,80,4,3920,3,162855,17
959,50,2021-12-27,1,0,2,0,80,4,1960,0,1218000,193
960,80000,2021-12-27,1,0,6,0,15,6,588000,3,108675,104
961,80000,2022-01-03,1,0,6,0,15,6,588000,3,108675,104
962,80000,2022-01-10,1,0,6,0,15,6,588000,3,108675,104
963,80000,2022-01-17,1,0,6,0,15,6,588000,3,108675,104
964,80000,2022-01-24,1,0,6,0,15.75,6,588000,3,108675,104
965,100,2021-12-27,0,0,15,0,25,1,1225,3,44100,43
966,600,2021-12-27,1,0,6,0,15,1,4410,2,143640,12
967,900,2021-12-27,1,0,10,0,24,4,10584,0,882000,215
968,900,2022-01-03,1,0,10,0,24,4,10584,0,882000,215
969,900,2022-01-10,1,0,10,0,24,4,10584,0,882000,215
970,900,2022-01-17,1,0,10,0,24,4,10584,0,882000,215
971,900,2022-01-24,1,0,10,0,39.6,4,10584,0,882000,215
972,900,2022-01-31,1,0,10,0,40,4,10584,0,882000,215
973,900,2022-02-07,1,1,10,0,NULL,4,10584,0,NULL,215
974,900,2022-02-14,1,1,10,0,NULL,4,10584,0,NULL,215
975,900,2022-02-21,1,1,10,0,NULL,4,10584,0,NULL,215
976,900,2022-02-28,1,1,10,0,NULL,4,10584,0,NULL,215
977,250000,2021-12-27,0,0,15,0,25,2,3062500,3,132000,108
978,5,2021-12-27,1,0,12,0,30,7,73.5,3,176715,146
979,5,2021-12-27,1,0,12,0,30,7,73.5,3,176715,146
980,5,2021-12-27,1,0,12,0,30,7,73.5,3,176715,146
981,256,2021-12-27,1,0,3,0,8,2,1003.52,3,76860,193
982,250000,2021-12-27,1,0,3,0,8,1,980000,1,74182.5,116
983,5,2021-12-27,1,0,12,0,30,7,73.5,3,176715,146
984,256,2021-12-27,1,0,3,0,8,2,1003.52,3,76860,193
985,256,2021-12-27,1,0,3,0,8,2,1003.52,3,76860,193
986,300,2021-12-27,1,0,11,0,30,8,4410,0,2252250,54
987,256,2021-12-27,1,0,3,0,8,2,1003.52,3,76860,193
988,256,2021-12-27,1,0,3,0,8,2,1003.52,3,76860,193
989,10000,2021-12-27,1,0,2,0,80,4,392000,0,1134000,26
990,256,2021-12-27,1,0,3,0,8,2,1003.52,3,76860,193
991,256,2021-12-27,1,0,3,0,8,2,1003.52,3,76860,193
992,10,2021-12-27,1,0,11,0,30,6,147,3,91665,25
993,1000,2021-12-27,1,0,8,0,21,3,10290,2,61320,69
994,20000,2021-12-27,0,0,14,0,20,2,196000,3,192600,186
995,40000,2021-12-27,1,0,6,0,15,3,294000,1,171990,65
996,40000,2022-01-03,1,0,6,0,15,3,294000,1,171990,65
997,50000,2021-12-27,1,0,5,0,20,1,490000,3,81270,259
998,4,2021-12-27,1,0,11,0,30,8,58.8,3,127260,146
999,4,2022-01-03,1,0,11,0,30,8,58.8,3,127260,146
1000,3000,2021-12-27,1,0,14,0,20,4,29400,1,127575,150
