source,target,Kind
0,512,Fb
0,263,Fb
0,525,Fb
0,285,Fb
0,543,Fb
0,806,Fb
0,817,Fb
0,824,Fb
0,341,Fb
0,600,Fb
0,104,Fb
0,107,Fb
0,108,Fb
0,371,Fb
0,632,Fb
0,687,Fb
0,208,Fb
0,744,Fb
0,491,Fb
256,524,Fb
256,532,Fb
256,818,Fb
256,838,Fb
256,373,Fb
256,421,Fb
256,706,Fb
256,486,Fb
512,790,Fb
512,538,Fb
512,809,Fb
512,560,Fb
512,820,Fb
512,580,Fb
512,839,Fb
512,631,Fb
512,690,Fb
512,700,Fb
512,728,Fb
768,838,Fb
1,537,Fb
1,43,Fb
1,345,Fb
1,390,Fb
1,412,Fb
1,420,Fb
257,514,Fb
257,534,Fb
257,545,Fb
257,816,Fb
257,565,Fb
257,574,Fb
257,578,Fb
257,331,Fb
257,346,Fb
257,359,Fb
257,621,Fb
257,659,Fb
257,444,Fb
257,707,Fb
257,721,Fb
513,519,Fb
513,544,Fb
513,590,Fb
513,653,Fb
513,663,Fb
2,817,Fb
2,354,Fb
2,140,Fb
2,666,Fb
2,686,Fb
2,720,Fb
2,502,Fb
258,775,Fb
258,532,Fb
258,792,Fb
258,302,Fb
258,561,Fb
258,590,Fb
514,534,Fb
514,578,Fb
514,659,Fb
514,679,Fb
514,721,Fb
770,824,Fb
3,521,Fb
3,23,Fb
3,49,Fb
3,817,Fb
3,90,Fb
3,357,Fb
3,358,Fb
3,104,Fb
3,415,Fb
3,677,Fb
3,171,Fb
3,182,Fb
3,217,Fb
3,733,Fb
3,226,Fb
3,485,Fb
3,749,Fb
3,239,Fb
259,294,Fb
259,568,Fb
259,590,Fb
259,357,Fb
259,359,Fb
259,371,Fb
259,429,Fb
259,692,Fb
259,745,Fb
771,784,Fb
771,786,Fb
771,797,Fb
4,266,Fb
4,524,Fb
4,15,Fb
4,785,Fb
4,52,Fb
4,564,Fb
4,58,Fb
4,832,Fb
4,838,Fb
4,344,Fb
4,100,Fb
4,615,Fb
4,373,Fb
4,381,Fb
4,388,Fb
4,139,Fb
4,144,Fb
4,661,Fb
4,670,Fb
4,424,Fb
4,177,Fb
4,186,Fb
4,706,Fb
4,466,Fb
4,221,Fb
4,743,Fb
4,744,Fb
4,492,Fb
4,503,Fb
4,509,Fb
260,792,Fb
260,805,Fb
260,806,Fb
260,831,Fb
260,324,Fb
260,844,Fb
260,589,Fb
260,600,Fb
260,611,Fb
260,356,Fb
260,652,Fb
260,459,Fb
260,722,Fb
260,499,Fb
516,624,Fb
5,256,Fb
5,257,Fb
5,269,Fb
5,525,Fb
5,19,Fb
5,802,Fb
5,553,Fb
5,42,Fb
5,52,Fb
5,54,Fb
5,577,Fb
5,73,Fb
5,393,Fb
5,402,Fb
5,403,Fb
5,404,Fb
5,412,Fb
5,432,Fb
5,689,Fb
5,444,Fb
5,466,Fb
5,729,Fb
5,733,Fb
5,222,Fb
5,482,Fb
5,486,Fb
261,556,Fb
261,301,Fb
261,578,Fb
261,846,Fb
261,396,Fb
261,718,Fb
261,485,Fb
261,499,Fb
517,835,Fb
517,649,Fb
6,27,Fb
6,569,Fb
6,324,Fb
6,838,Fb
6,342,Fb
6,599,Fb
6,616,Fb
6,112,Fb
6,645,Fb
6,137,Fb
6,406,Fb
6,423,Fb
6,424,Fb
6,176,Fb
6,462,Fb
6,477,Fb
6,487,Fb
6,749,Fb
262,263,Fb
262,780,Fb
262,286,Fb
262,804,Fb
262,294,Fb
262,303,Fb
262,820,Fb
262,567,Fb
262,824,Fb
262,324,Fb
262,837,Fb
262,844,Fb
262,598,Fb
262,343,Fb
262,628,Fb
262,651,Fb
262,657,Fb
262,668,Fb
262,425,Fb
262,472,Fb
262,729,Fb
262,733,Fb
518,545,Fb
7,524,Fb
7,535,Fb
7,791,Fb
7,614,Fb
7,205,Fb
7,229,Fb
263,512,Fb
263,283,Fb
263,797,Fb
263,286,Fb
263,288,Fb
263,297,Fb
263,299,Fb
263,300,Fb
263,817,Fb
263,820,Fb
263,824,Fb
263,578,Fb
263,324,Fb
263,580,Fb
263,338,Fb
263,340,Fb
263,342,Fb
263,598,Fb
263,352,Fb
263,611,Fb
263,356,Fb
263,372,Fb
263,374,Fb
263,639,Fb
263,384,Fb
263,401,Fb
263,657,Fb
263,405,Fb
263,664,Fb
263,412,Fb
263,413,Fb
263,678,Fb
263,426,Fb
263,685,Fb
263,431,Fb
263,441,Fb
263,448,Fb
263,706,Fb
263,464,Fb
263,720,Fb
263,470,Fb
263,471,Fb
263,472,Fb
263,729,Fb
263,733,Fb
263,485,Fb
263,752,Fb
519,541,Fb
519,798,Fb
519,809,Fb
519,653,Fb
519,663,Fb
519,761,Fb
775,792,Fb
775,794,Fb
775,795,Fb
775,832,Fb
8,304,Fb
8,592,Fb
8,601,Fb
8,163,Fb
8,419,Fb
8,184,Fb
264,630,Fb
520,782,Fb
520,804,Fb
520,837,Fb
520,617,Fb
520,714,Fb
520,736,Fb
520,758,Fb
9,646,Fb
9,652,Fb
265,281,Fb
265,540,Fb
265,308,Fb
265,310,Fb
265,617,Fb
265,660,Fb
265,687,Fb
265,478,Fb
521,770,Fb
521,529,Fb
521,530,Fb
521,536,Fb
521,817,Fb
521,820,Fb
521,824,Fb
521,828,Fb
521,831,Fb
521,578,Fb
521,836,Fb
521,583,Fb
521,590,Fb
521,657,Fb
521,664,Fb
521,688,Fb
521,709,Fb
521,722,Fb
521,733,Fb
521,761,Fb
10,524,Fb
10,317,Fb
10,580,Fb
10,836,Fb
10,373,Fb
10,677,Fb
10,166,Fb
10,226,Fb
266,785,Fb
266,552,Fb
266,300,Fb
266,838,Fb
266,845,Fb
266,344,Fb
266,350,Fb
266,353,Fb
266,647,Fb
266,670,Fb
266,424,Fb
266,735,Fb
266,507,Fb
522,545,Fb
522,574,Fb
522,621,Fb
11,13,Fb
11,43,Fb
11,829,Fb
11,848,Fb
11,389,Fb
11,183,Fb
11,723,Fb
11,236,Fb
11,496,Fb
267,521,Fb
267,268,Fb
267,269,Fb
267,801,Fb
267,316,Fb
267,611,Fb
267,402,Fb
267,403,Fb
267,666,Fb
267,689,Fb
267,695,Fb
267,444,Fb
267,702,Fb
267,706,Fb
267,452,Fb
267,466,Fb
267,723,Fb
267,475,Fb
267,733,Fb
267,482,Fb
267,486,Fb
523,529,Fb
523,539,Fb
523,798,Fb
523,800,Fb
12,268,Fb
12,13,Fb
12,25,Fb
12,824,Fb
12,313,Fb
12,315,Fb
12,358,Fb
12,376,Fb
12,641,Fb
12,137,Fb
12,143,Fb
12,401,Fb
12,454,Fb
12,217,Fb
12,487,Fb
12,743,Fb
12,492,Fb
12,752,Fb
12,755,Fb
12,244,Fb
12,766,Fb
268,521,Fb
268,524,Fb
268,269,Fb
268,781,Fb
268,280,Fb
268,301,Fb
268,557,Fb
268,562,Fb
268,310,Fb
268,576,Fb
268,838,Fb
268,850,Fb
268,611,Fb
268,358,Fb
268,373,Fb
268,641,Fb
268,401,Fb
268,403,Fb
268,411,Fb
268,673,Fb
268,425,Fb
268,702,Fb
268,706,Fb
268,472,Fb
268,734,Fb
268,482,Fb
268,485,Fb
268,503,Fb
524,826,Fb
524,832,Fb
524,838,Fb
524,850,Fb
524,670,Fb
524,672,Fb
524,677,Fb
524,706,Fb
524,744,Fb
13,258,Fb
13,262,Fb
13,263,Fb
13,521,Fb
13,267,Fb
13,268,Fb
13,269,Fb
13,15,Fb
13,527,Fb
13,272,Fb
13,532,Fb
13,792,Fb
13,29,Fb
13,543,Fb
13,801,Fb
13,300,Fb
13,48,Fb
13,561,Fb
13,817,Fb
13,52,Fb
13,308,Fb
13,820,Fb
13,54,Fb
13,314,Fb
13,828,Fb
13,578,Fb
13,324,Fb
13,838,Fb
13,583,Fb
13,75,Fb
13,588,Fb
13,845,Fb
13,81,Fb
13,593,Fb
13,342,Fb
13,345,Fb
13,96,Fb
13,611,Fb
13,100,Fb
13,357,Fb
13,109,Fb
13,115,Fb
13,393,Fb
13,139,Fb
13,652,Fb
13,398,Fb
13,146,Fb
13,402,Fb
13,658,Fb
13,664,Fb
13,412,Fb
13,176,Fb
13,432,Fb
13,186,Fb
13,699,Fb
13,444,Fb
13,192,Fb
13,706,Fb
13,458,Fb
13,466,Fb
13,723,Fb
13,472,Fb
13,729,Fb
13,219,Fb
13,475,Fb
13,733,Fb
13,482,Fb
13,485,Fb
13,486,Fb
13,490,Fb
13,236,Fb
13,492,Fb
13,239,Fb
13,499,Fb
13,503,Fb
13,254,Fb
269,521,Fb
269,269,Fb
269,543,Fb
269,801,Fb
269,402,Fb
269,403,Fb
269,689,Fb
269,444,Fb
269,466,Fb
269,733,Fb
269,482,Fb
269,486,Fb
525,780,Fb
525,529,Fb
525,802,Fb
525,549,Fb
525,809,Fb
525,824,Fb
525,829,Fb
525,845,Fb
525,598,Fb
781,850,Fb
270,524,Fb
270,694,Fb
270,446,Fb
270,479,Fb
526,539,Fb
15,266,Fb
15,524,Fb
15,781,Fb
15,270,Fb
15,272,Fb
15,785,Fb
15,532,Fb
15,789,Fb
15,29,Fb
15,30,Fb
15,546,Fb
15,552,Fb
15,300,Fb
15,561,Fb
15,308,Fb
15,564,Fb
15,56,Fb
15,568,Fb
15,58,Fb
15,832,Fb
15,838,Fb
15,583,Fb
15,75,Fb
15,588,Fb
15,589,Fb
15,344,Fb
15,348,Fb
15,96,Fb
15,100,Fb
15,109,Fb
15,368,Fb
15,373,Fb
15,381,Fb
15,382,Fb
15,388,Fb
15,139,Fb
15,408,Fb
15,411,Fb
15,670,Fb
15,416,Fb
15,672,Fb
15,424,Fb
15,177,Fb
15,186,Fb
15,192,Fb
15,706,Fb
15,195,Fb
15,205,Fb
15,473,Fb
15,218,Fb
15,221,Fb
15,743,Fb
15,744,Fb
15,234,Fb
15,503,Fb
15,249,Fb
15,506,Fb
15,507,Fb
15,509,Fb
15,766,Fb
527,527,Fb
527,699,Fb
527,723,Fb
16,34,Fb
16,292,Fb
16,558,Fb
16,572,Fb
16,325,Fb
16,652,Fb
16,657,Fb
272,778,Fb
272,532,Fb
272,312,Fb
272,315,Fb
272,583,Fb
272,330,Fb
272,589,Fb
272,383,Fb
272,644,Fb
272,415,Fb
272,688,Fb
272,473,Fb
272,485,Fb
272,754,Fb
272,756,Fb
272,758,Fb
272,503,Fb
528,772,Fb
528,777,Fb
528,796,Fb
528,812,Fb
528,827,Fb
528,737,Fb
528,743,Fb
528,763,Fb
784,786,Fb
784,797,Fb
784,800,Fb
784,814,Fb
784,845,Fb
17,268,Fb
17,807,Fb
17,52,Fb
17,64,Fb
17,385,Fb
17,161,Fb
17,164,Fb
17,678,Fb
17,451,Fb
17,463,Fb
17,214,Fb
273,512,Fb
273,789,Fb
273,567,Fb
273,834,Fb
273,585,Fb
273,628,Fb
273,640,Fb
273,394,Fb
273,408,Fb
273,456,Fb
273,713,Fb
273,755,Fb
529,824,Fb
529,829,Fb
18,276,Fb
18,306,Fb
18,570,Fb
18,572,Fb
18,108,Fb
18,476,Fb
18,486,Fb
18,488,Fb
18,254,Fb
274,772,Fb
274,521,Fb
274,777,Fb
274,528,Fb
274,796,Fb
274,812,Fb
274,827,Fb
274,440,Fb
274,469,Fb
274,478,Fb
274,479,Fb
274,737,Fb
274,492,Fb
274,505,Fb
274,763,Fb
274,510,Fb
530,539,Fb
786,797,Fb
786,845,Fb
19,47,Fb
19,588,Fb
19,846,Fb
19,80,Fb
19,595,Fb
19,185,Fb
19,449,Fb
19,477,Fb
19,486,Fb
275,288,Fb
275,817,Fb
275,840,Fb
275,614,Fb
275,401,Fb
275,470,Fb
531,548,Fb
531,595,Fb
531,664,Fb
531,677,Fb
276,524,Fb
276,541,Fb
276,306,Fb
276,826,Fb
276,838,Fb
276,373,Fb
276,402,Fb
276,406,Fb
276,466,Fb
532,774,Fb
532,780,Fb
532,792,Fb
532,798,Fb
532,561,Fb
532,583,Fb
532,589,Fb
532,590,Fb
532,706,Fb
532,761,Fb
277,524,Fb
277,819,Fb
277,840,Fb
277,598,Fb
277,623,Fb
277,661,Fb
277,413,Fb
277,683,Fb
277,701,Fb
277,711,Fb
277,763,Fb
533,804,Fb
533,810,Fb
533,835,Fb
533,608,Fb
533,620,Fb
533,628,Fb
533,657,Fb
533,712,Fb
22,262,Fb
22,815,Fb
22,50,Fb
22,833,Fb
22,837,Fb
22,844,Fb
22,343,Fb
22,363,Fb
22,651,Fb
22,668,Fb
22,683,Fb
22,223,Fb
22,252,Fb
534,797,Fb
534,578,Fb
534,612,Fb
534,653,Fb
534,721,Fb
534,747,Fb
23,51,Fb
23,59,Fb
23,90,Fb
23,179,Fb
23,180,Fb
23,733,Fb
23,485,Fb
279,540,Fb
279,293,Fb
279,813,Fb
279,581,Fb
279,598,Fb
279,617,Fb
279,368,Fb
279,391,Fb
279,693,Fb
279,762,Fb
535,838,Fb
535,614,Fb
535,646,Fb
280,521,Fb
280,532,Fb
280,537,Fb
280,283,Fb
280,798,Fb
280,809,Fb
280,556,Fb
280,817,Fb
280,307,Fb
280,571,Fb
280,578,Fb
280,834,Fb
280,836,Fb
280,838,Fb
280,333,Fb
280,846,Fb
280,336,Fb
280,345,Fb
280,351,Fb
280,611,Fb
280,371,Fb
280,373,Fb
280,641,Fb
280,644,Fb
280,647,Fb
280,396,Fb
280,401,Fb
280,404,Fb
280,695,Fb
280,706,Fb
280,472,Fb
280,485,Fb
536,711,Fb
25,41,Fb
25,564,Fb
25,376,Fb
25,645,Fb
25,395,Fb
25,454,Fb
25,235,Fb
25,755,Fb
25,244,Fb
25,758,Fb
25,766,Fb
281,545,Fb
281,813,Fb
281,816,Fb
281,687,Fb
281,693,Fb
281,469,Fb
537,798,Fb
537,809,Fb
537,644,Fb
537,695,Fb
26,266,Fb
26,377,Fb
26,238,Fb
282,816,Fb
282,574,Fb
282,582,Fb
282,342,Fb
282,621,Fb
282,398,Fb
282,692,Fb
282,439,Fb
282,707,Fb
282,455,Fb
282,505,Fb
282,506,Fb
538,786,Fb
538,796,Fb
538,646,Fb
538,664,Fb
538,728,Fb
538,736,Fb
27,768,Fb
27,518,Fb
27,287,Fb
27,550,Fb
27,818,Fb
27,308,Fb
27,569,Fb
27,330,Fb
27,86,Fb
27,342,Fb
27,616,Fb
27,112,Fb
27,371,Fb
27,642,Fb
27,154,Fb
27,410,Fb
27,443,Fb
27,196,Fb
27,203,Fb
27,487,Fb
283,297,Fb
283,352,Fb
283,374,Fb
283,641,Fb
283,646,Fb
283,426,Fb
283,441,Fb
283,461,Fb
283,464,Fb
539,560,Fb
539,628,Fb
28,798,Fb
28,317,Fb
28,590,Fb
28,336,Fb
28,349,Fb
28,351,Fb
28,423,Fb
28,695,Fb
28,700,Fb
28,472,Fb
28,219,Fb
28,485,Fb
28,761,Fb
28,508,Fb
284,777,Fb
284,524,Fb
284,845,Fb
284,350,Fb
284,449,Fb
284,454,Fb
284,457,Fb
284,735,Fb
540,797,Fb
540,546,Fb
540,813,Fb
540,814,Fb
540,575,Fb
540,842,Fb
540,671,Fb
540,687,Fb
540,767,Fb
29,258,Fb
29,270,Fb
29,272,Fb
29,532,Fb
29,789,Fb
29,792,Fb
29,546,Fb
29,300,Fb
29,563,Fb
29,308,Fb
29,583,Fb
29,329,Fb
29,588,Fb
29,589,Fb
29,334,Fb
29,88,Fb
29,96,Fb
29,100,Fb
29,109,Fb
29,378,Fb
29,139,Fb
29,398,Fb
29,659,Fb
29,192,Fb
29,473,Fb
29,734,Fb
29,503,Fb
29,254,Fb
285,800,Fb
285,300,Fb
285,342,Fb
285,371,Fb
285,632,Fb
285,685,Fb
285,448,Fb
285,720,Fb
285,491,Fb
541,798,Fb
541,590,Fb
541,619,Fb
541,644,Fb
541,695,Fb
541,700,Fb
541,741,Fb
541,761,Fb
797,842,Fb
30,268,Fb
30,785,Fb
30,552,Fb
30,566,Fb
30,311,Fb
30,67,Fb
30,69,Fb
30,326,Fb
30,838,Fb
30,75,Fb
30,850,Fb
30,344,Fb
30,373,Fb
30,132,Fb
30,144,Fb
30,165,Fb
30,424,Fb
30,186,Fb
30,447,Fb
30,706,Fb
30,195,Fb
30,221,Fb
30,507,Fb
286,575,Fb
286,358,Fb
286,639,Fb
286,651,Fb
286,401,Fb
286,664,Fb
286,685,Fb
542,635,Fb
542,706,Fb
31,514,Fb
31,533,Fb
31,306,Fb
31,76,Fb
31,399,Fb
31,148,Fb
31,679,Fb
31,444,Fb
31,743,Fb
31,510,Fb
287,518,Fb
287,781,Fb
287,550,Fb
287,818,Fb
287,567,Fb
287,323,Fb
287,330,Fb
287,342,Fb
287,616,Fb
287,487,Fb
543,801,Fb
543,804,Fb
543,806,Fb
543,813,Fb
543,817,Fb
543,824,Fb
543,575,Fb
543,835,Fb
543,598,Fb
543,622,Fb
543,632,Fb
543,657,Fb
543,676,Fb
543,689,Fb
543,720,Fb
543,733,Fb
543,765,Fb
32,528,Fb
32,274,Fb
32,796,Fb
32,827,Fb
32,61,Fb
32,157,Fb
32,715,Fb
32,469,Fb
32,218,Fb
32,478,Fb
32,492,Fb
288,543,Fb
288,806,Fb
288,817,Fb
288,342,Fb
288,372,Fb
288,632,Fb
288,401,Fb
288,678,Fb
288,720,Fb
288,470,Fb
288,485,Fb
544,622,Fb
544,754,Fb
33,770,Fb
33,521,Fb
33,778,Fb
33,276,Fb
33,790,Fb
33,41,Fb
33,820,Fb
33,315,Fb
33,78,Fb
33,590,Fb
33,88,Fb
33,615,Fb
33,378,Fb
33,640,Fb
33,641,Fb
33,395,Fb
33,405,Fb
33,158,Fb
33,166,Fb
33,688,Fb
33,438,Fb
33,709,Fb
33,722,Fb
33,485,Fb
33,242,Fb
289,578,Fb
545,800,Fb
545,574,Fb
545,578,Fb
545,621,Fb
545,659,Fb
545,679,Fb
545,707,Fb
545,721,Fb
34,520,Fb
34,292,Fb
34,325,Fb
34,657,Fb
34,427,Fb
34,714,Fb
34,243,Fb
290,521,Fb
290,563,Fb
290,820,Fb
290,572,Fb
290,836,Fb
290,334,Fb
290,590,Fb
290,342,Fb
290,367,Fb
290,378,Fb
290,726,Fb
290,476,Fb
290,761,Fb
546,789,Fb
546,583,Fb
546,588,Fb
546,589,Fb
546,672,Fb
35,43,Fb
35,837,Fb
35,697,Fb
291,770,Fb
291,521,Fb
291,528,Fb
291,789,Fb
291,794,Fb
291,546,Fb
291,324,Fb
291,836,Fb
291,588,Fb
291,589,Fb
291,590,Fb
291,846,Fb
291,339,Fb
291,395,Fb
291,477,Fb
291,735,Fb
291,483,Fb
291,743,Fb
291,761,Fb
547,771,Fb
547,784,Fb
547,786,Fb
547,797,Fb
547,646,Fb
36,512,Fb
36,524,Fb
36,277,Fb
36,790,Fb
36,282,Fb
36,37,Fb
36,39,Fb
36,809,Fb
36,46,Fb
36,820,Fb
36,572,Fb
36,320,Fb
36,326,Fb
36,839,Fb
36,79,Fb
36,83,Fb
36,85,Fb
36,97,Fb
36,99,Fb
36,355,Fb
36,135,Fb
36,401,Fb
36,692,Fb
36,181,Fb
36,439,Fb
36,702,Fb
36,705,Fb
36,201,Fb
36,457,Fb
36,211,Fb
36,728,Fb
36,729,Fb
36,502,Fb
292,325,Fb
292,594,Fb
292,624,Fb
292,657,Fb
292,427,Fb
804,813,Fb
37,256,Fb
37,512,Fb
37,521,Fb
37,268,Fb
37,524,Fb
37,525,Fb
37,529,Fb
37,536,Fb
37,300,Fb
37,301,Fb
37,320,Fb
37,65,Fb
37,578,Fb
37,324,Fb
37,69,Fb
37,838,Fb
37,75,Fb
37,333,Fb
37,80,Fb
37,90,Fb
37,348,Fb
37,614,Fb
37,111,Fb
37,373,Fb
37,378,Fb
37,406,Fb
37,151,Fb
37,421,Fb
37,186,Fb
37,706,Fb
37,711,Fb
37,201,Fb
37,472,Fb
37,474,Fb
37,221,Fb
37,240,Fb
37,503,Fb
37,249,Fb
293,813,Fb
293,817,Fb
293,575,Fb
293,598,Fb
293,617,Fb
293,628,Fb
293,693,Fb
549,799,Fb
38,261,Fb
38,535,Fb
38,280,Fb
38,556,Fb
38,559,Fb
38,571,Fb
38,60,Fb
38,64,Fb
38,578,Fb
38,834,Fb
38,579,Fb
38,68,Fb
38,837,Fb
38,839,Fb
38,333,Fb
38,846,Fb
38,81,Fb
38,97,Fb
38,614,Fb
38,128,Fb
38,641,Fb
38,396,Fb
38,141,Fb
38,150,Fb
38,151,Fb
38,680,Fb
38,453,Fb
38,204,Fb
38,463,Fb
38,236,Fb
38,499,Fb
38,247,Fb
294,532,Fb
294,795,Fb
294,798,Fb
294,300,Fb
294,824,Fb
294,838,Fb
294,845,Fb
294,590,Fb
294,615,Fb
294,371,Fb
294,627,Fb
294,373,Fb
294,385,Fb
294,652,Fb
294,657,Fb
294,405,Fb
294,416,Fb
294,677,Fb
294,429,Fb
294,706,Fb
294,460,Fb
294,719,Fb
294,725,Fb
294,472,Fb
294,729,Fb
294,746,Fb
550,768,Fb
550,774,Fb
550,807,Fb
550,818,Fb
550,586,Fb
550,612,Fb
550,616,Fb
550,619,Fb
550,625,Fb
550,682,Fb
550,741,Fb
550,752,Fb
39,257,Fb
39,262,Fb
39,536,Fb
39,545,Fb
39,295,Fb
39,309,Fb
39,576,Fb
39,578,Fb
39,331,Fb
39,342,Fb
39,622,Fb
39,371,Fb
39,118,Fb
39,122,Fb
39,378,Fb
39,390,Fb
39,393,Fb
39,148,Fb
39,661,Fb
39,413,Fb
39,685,Fb
39,183,Fb
39,440,Fb
39,444,Fb
39,701,Fb
39,707,Fb
39,711,Fb
39,457,Fb
39,729,Fb
39,733,Fb
39,502,Fb
39,505,Fb
295,541,Fb
295,351,Fb
295,379,Fb
295,692,Fb
295,702,Fb
295,449,Fb
295,745,Fb
551,809,Fb
551,838,Fb
551,640,Fb
551,742,Fb
296,512,Fb
296,521,Fb
296,790,Fb
296,820,Fb
296,339,Fb
296,483,Fb
296,484,Fb
296,758,Fb
552,568,Fb
552,832,Fb
552,670,Fb
552,706,Fb
41,272,Fb
41,315,Fb
41,358,Fb
41,615,Fb
41,383,Fb
41,158,Fb
41,181,Fb
41,485,Fb
297,512,Fb
297,797,Fb
297,299,Fb
297,578,Fb
297,580,Fb
297,352,Fb
297,374,Fb
297,441,Fb
297,464,Fb
297,490,Fb
553,574,Fb
42,267,Fb
42,280,Fb
42,543,Fb
42,801,Fb
42,402,Fb
42,403,Fb
42,432,Fb
42,689,Fb
42,444,Fb
42,466,Fb
42,729,Fb
42,486,Fb
298,651,Fb
554,643,Fb
43,537,Fb
43,64,Fb
43,837,Fb
43,71,Fb
43,848,Fb
43,345,Fb
43,126,Fb
43,384,Fb
43,413,Fb
43,183,Fb
43,496,Fb
299,512,Fb
299,795,Fb
299,832,Fb
299,838,Fb
299,338,Fb
299,352,Fb
299,373,Fb
299,374,Fb
299,450,Fb
299,744,Fb
555,845,Fb
555,690,Fb
44,295,Fb
44,52,Fb
44,72,Fb
44,339,Fb
44,359,Fb
44,148,Fb
44,228,Fb
300,523,Fb
300,524,Fb
300,780,Fb
300,525,Fb
300,530,Fb
300,532,Fb
300,539,Fb
300,798,Fb
300,800,Fb
300,301,Fb
300,311,Fb
300,568,Fb
300,831,Fb
300,838,Fb
300,842,Fb
300,332,Fb
300,342,Fb
300,344,Fb
300,356,Fb
300,622,Fb
300,370,Fb
300,371,Fb
300,632,Fb
300,381,Fb
300,393,Fb
300,652,Fb
300,409,Fb
300,670,Fb
300,672,Fb
300,424,Fb
300,692,Fb
300,448,Fb
300,706,Fb
300,471,Fb
300,729,Fb
300,480,Fb
300,743,Fb
300,491,Fb
300,503,Fb
556,571,Fb
45,624,Fb
45,710,Fb
301,524,Fb
301,525,Fb
301,798,Fb
301,838,Fb
301,357,Fb
301,614,Fb
301,371,Fb
301,373,Fb
301,652,Fb
301,677,Fb
301,692,Fb
301,437,Fb
301,706,Fb
301,733,Fb
301,734,Fb
301,485,Fb
557,558,Fb
557,684,Fb
46,512,Fb
46,790,Fb
46,809,Fb
46,47,Fb
46,820,Fb
46,79,Fb
46,336,Fb
46,83,Fb
46,351,Fb
46,615,Fb
46,619,Fb
46,637,Fb
46,131,Fb
46,135,Fb
46,400,Fb
46,700,Fb
46,449,Fb
46,201,Fb
46,211,Fb
46,472,Fb
46,728,Fb
46,219,Fb
46,484,Fb
46,485,Fb
46,238,Fb
302,775,Fb
302,549,Fb
558,572,Fb
558,652,Fb
47,265,Fb
47,813,Fb
47,594,Fb
47,354,Fb
47,132,Fb
47,666,Fb
47,449,Fb
47,236,Fb
303,375,Fb
559,839,Fb
559,601,Fb
559,680,Fb
48,272,Fb
48,546,Fb
48,300,Fb
48,49,Fb
48,52,Fb
48,96,Fb
48,357,Fb
48,358,Fb
48,106,Fb
48,139,Fb
48,158,Fb
48,415,Fb
48,196,Fb
48,709,Fb
48,217,Fb
304,525,Fb
304,799,Fb
304,549,Fb
304,556,Fb
304,596,Fb
304,601,Fb
304,419,Fb
304,474,Fb
304,494,Fb
304,503,Fb
560,771,Fb
560,832,Fb
560,659,Fb
560,733,Fb
560,736,Fb
49,275,Fb
49,285,Fb
49,288,Fb
49,546,Fb
49,301,Fb
49,817,Fb
49,310,Fb
49,320,Fb
49,74,Fb
49,81,Fb
49,597,Fb
49,342,Fb
49,90,Fb
49,96,Fb
49,357,Fb
49,358,Fb
49,104,Fb
49,372,Fb
49,121,Fb
49,401,Fb
49,406,Fb
49,677,Fb
49,678,Fb
49,169,Fb
49,171,Fb
49,173,Fb
49,431,Fb
49,189,Fb
49,190,Fb
49,193,Fb
49,470,Fb
49,217,Fb
49,733,Fb
49,485,Fb
49,240,Fb
49,752,Fb
305,519,Fb
305,566,Fb
305,604,Fb
305,605,Fb
305,377,Fb
305,663,Fb
561,775,Fb
561,631,Fb
817,820,Fb
817,824,Fb
817,831,Fb
50,520,Fb
50,533,Fb
50,804,Fb
50,575,Fb
50,835,Fb
50,837,Fb
50,106,Fb
50,624,Fb
50,657,Fb
306,541,Fb
306,563,Fb
306,570,Fb
306,572,Fb
306,578,Fb
306,371,Fb
306,388,Fb
306,653,Fb
306,398,Fb
306,659,Fb
306,663,Fb
306,691,Fb
306,696,Fb
306,444,Fb
306,707,Fb
306,465,Fb
306,721,Fb
306,726,Fb
306,476,Fb
306,484,Fb
306,486,Fb
306,506,Fb
306,762,Fb
306,507,Fb
562,768,Fb
562,781,Fb
562,832,Fb
562,850,Fb
562,606,Fb
562,694,Fb
818,823,Fb
51,263,Fb
51,298,Fb
51,839,Fb
51,75,Fb
51,595,Fb
51,112,Fb
51,639,Fb
51,652,Fb
51,664,Fb
51,687,Fb
51,706,Fb
51,711,Fb
51,460,Fb
307,784,Fb
307,786,Fb
307,797,Fb
307,646,Fb
307,647,Fb
563,572,Fb
563,836,Fb
563,627,Fb
563,640,Fb
563,721,Fb
563,761,Fb
52,259,Fb
52,262,Fb
52,263,Fb
52,521,Fb
52,780,Fb
52,530,Fb
52,532,Fb
52,285,Fb
52,798,Fb
52,294,Fb
52,300,Fb
52,301,Fb
52,820,Fb
52,55,Fb
52,824,Fb
52,324,Fb
52,836,Fb
52,69,Fb
52,839,Fb
52,72,Fb
52,78,Fb
52,590,Fb
52,339,Fb
52,85,Fb
52,598,Fb
52,87,Fb
52,88,Fb
52,91,Fb
52,99,Fb
52,359,Fb
52,108,Fb
52,115,Fb
52,371,Fb
52,378,Fb
52,385,Fb
52,390,Fb
52,144,Fb
52,657,Fb
52,148,Fb
52,660,Fb
52,685,Fb
52,176,Fb
52,692,Fb
52,194,Fb
52,706,Fb
52,460,Fb
52,719,Fb
52,208,Fb
52,466,Fb
52,212,Fb
52,725,Fb
52,472,Fb
52,476,Fb
52,221,Fb
52,733,Fb
52,222,Fb
52,226,Fb
52,491,Fb
52,761,Fb
308,793,Fb
308,538,Fb
308,818,Fb
308,619,Fb
308,401,Fb
308,679,Fb
308,457,Fb
308,478,Fb
308,487,Fb
308,750,Fb
308,752,Fb
564,784,Fb
564,800,Fb
564,670,Fb
564,744,Fb
820,824,Fb
53,316,Fb
53,337,Fb
53,602,Fb
53,628,Fb
53,138,Fb
53,188,Fb
309,540,Fb
309,813,Fb
309,598,Fb
309,648,Fb
309,671,Fb
309,502,Fb
54,267,Fb
54,269,Fb
54,801,Fb
54,115,Fb
54,393,Fb
54,402,Fb
54,403,Fb
54,412,Fb
54,421,Fb
54,689,Fb
54,182,Fb
54,696,Fb
54,444,Fb
54,466,Fb
54,729,Fb
54,475,Fb
54,733,Fb
54,482,Fb
54,486,Fb
54,499,Fb
54,503,Fb
310,540,Fb
310,372,Fb
310,660,Fb
310,674,Fb
310,687,Fb
566,811,Fb
566,604,Fb
566,605,Fb
566,606,Fb
55,512,Fb
55,521,Fb
55,296,Fb
55,820,Fb
55,824,Fb
55,836,Fb
55,590,Fb
55,339,Fb
55,114,Fb
55,378,Fb
55,158,Fb
55,679,Fb
55,483,Fb
55,235,Fb
311,768,Fb
311,524,Fb
311,781,Fb
311,562,Fb
311,312,Fb
311,833,Fb
311,326,Fb
311,582,Fb
311,839,Fb
311,338,Fb
311,629,Fb
311,387,Fb
311,398,Fb
311,692,Fb
311,694,Fb
567,585,Fb
567,628,Fb
567,643,Fb
567,676,Fb
567,740,Fb
567,754,Fb
56,578,Fb
56,371,Fb
56,388,Fb
56,444,Fb
56,709,Fb
56,743,Fb
56,506,Fb
312,644,Fb
312,405,Fb
312,415,Fb
312,485,Fb
568,794,Fb
568,672,Fb
824,836,Fb
824,845,Fb
57,304,Fb
57,123,Fb
57,639,Fb
57,163,Fb
57,474,Fb
57,494,Fb
57,245,Fb
313,582,Fb
313,692,Fb
313,442,Fb
313,702,Fb
313,484,Fb
313,487,Fb
569,782,Fb
569,599,Fb
569,616,Fb
569,619,Fb
569,752,Fb
58,559,Fb
58,564,Fb
58,64,Fb
58,850,Fb
58,85,Fb
58,353,Fb
58,358,Fb
58,360,Fb
58,106,Fb
58,377,Fb
58,392,Fb
58,139,Fb
58,670,Fb
58,672,Fb
58,446,Fb
58,706,Fb
58,728,Fb
58,221,Fb
58,755,Fb
58,509,Fb
314,527,Fb
314,573,Fb
314,655,Fb
314,723,Fb
314,496,Fb
570,706,Fb
59,823,Fb
59,315,Fb
59,575,Fb
59,99,Fb
59,652,Fb
59,695,Fb
315,770,Fb
315,521,Fb
315,778,Fb
315,552,Fb
315,562,Fb
315,823,Fb
315,600,Fb
315,358,Fb
315,621,Fb
315,644,Fb
315,405,Fb
315,415,Fb
315,682,Fb
315,688,Fb
315,438,Fb
315,706,Fb
315,485,Fb
315,488,Fb
571,846,Fb
571,672,Fb
60,280,Fb
60,284,Fb
60,797,Fb
60,295,Fb
60,571,Fb
60,846,Fb
60,598,Fb
60,97,Fb
60,640,Fb
60,385,Fb
60,641,Fb
60,421,Fb
60,176,Fb
60,691,Fb
60,694,Fb
60,497,Fb
60,242,Fb
316,368,Fb
316,442,Fb
316,764,Fb
572,771,Fb
572,778,Fb
572,582,Fb
572,583,Fb
572,652,Fb
572,692,Fb
572,721,Fb
572,762,Fb
61,772,Fb
61,777,Fb
61,528,Fb
61,274,Fb
61,791,Fb
61,796,Fb
61,827,Fb
61,147,Fb
61,157,Fb
61,715,Fb
61,469,Fb
61,218,Fb
61,478,Fb
61,233,Fb
61,489,Fb
61,492,Fb
61,763,Fb
61,510,Fb
317,775,Fb
317,524,Fb
317,590,Fb
317,351,Fb
317,373,Fb
317,375,Fb
317,672,Fb
317,677,Fb
317,692,Fb
317,695,Fb
317,761,Fb
573,655,Fb
573,723,Fb
62,364,Fb
62,657,Fb
62,245,Fb
318,375,Fb
318,631,Fb
318,655,Fb
318,432,Fb
574,773,Fb
574,838,Fb
574,599,Fb
574,621,Fb
574,645,Fb
574,707,Fb
574,723,Fb
574,749,Fb
63,260,Fb
63,600,Fb
63,611,Fb
63,357,Fb
63,146,Fb
63,153,Fb
63,176,Fb
63,499,Fb
575,804,Fb
575,812,Fb
575,837,Fb
575,598,Fb
575,657,Fb
64,559,Fb
64,839,Fb
64,842,Fb
64,85,Fb
64,90,Fb
64,91,Fb
64,614,Fb
64,128,Fb
64,680,Fb
64,453,Fb
64,204,Fb
64,761,Fb
320,512,Fb
320,538,Fb
576,780,Fb
576,611,Fb
576,673,Fb
576,735,Fb
65,256,Fb
65,524,Fb
65,532,Fb
65,838,Fb
65,845,Fb
65,614,Fb
65,373,Fb
65,645,Fb
65,163,Fb
65,706,Fb
65,730,Fb
65,221,Fb
65,233,Fb
65,494,Fb
577,604,Fb
577,605,Fb
577,606,Fb
66,291,Fb
66,87,Fb
66,390,Fb
66,395,Fb
66,457,Fb
66,476,Fb
66,735,Fb
66,502,Fb
578,790,Fb
578,797,Fb
578,834,Fb
578,836,Fb
578,581,Fb
578,609,Fb
578,611,Fb
578,641,Fb
578,653,Fb
578,659,Fb
578,663,Fb
578,679,Fb
578,706,Fb
578,707,Fb
578,752,Fb
67,785,Fb
67,353,Fb
67,381,Fb
67,706,Fb
67,744,Fb
323,781,Fb
323,790,Fb
323,550,Fb
323,818,Fb
323,576,Fb
323,578,Fb
323,336,Fb
323,341,Fb
323,346,Fb
323,351,Fb
323,619,Fb
323,392,Fb
323,415,Fb
323,695,Fb
323,472,Fb
323,485,Fb
323,741,Fb
323,487,Fb
323,504,Fb
323,761,Fb
579,602,Fb
68,280,Fb
68,807,Fb
68,324,Fb
68,71,Fb
68,583,Fb
68,846,Fb
68,593,Fb
68,622,Fb
68,623,Fb
68,652,Fb
68,404,Fb
68,677,Fb
68,437,Fb
68,182,Fb
68,204,Fb
68,471,Fb
324,521,Fb
324,524,Fb
324,527,Fb
324,531,Fb
324,794,Fb
324,553,Fb
324,820,Fb
324,824,Fb
324,574,Fb
324,831,Fb
324,838,Fb
324,583,Fb
324,839,Fb
324,588,Fb
324,589,Fb
324,846,Fb
324,342,Fb
324,598,Fb
324,599,Fb
324,348,Fb
324,611,Fb
324,358,Fb
324,365,Fb
324,622,Fb
324,373,Fb
324,642,Fb
324,645,Fb
324,395,Fb
324,652,Fb
324,657,Fb
324,677,Fb
324,423,Fb
324,424,Fb
324,436,Fb
324,437,Fb
324,706,Fb
324,462,Fb
324,463,Fb
324,722,Fb
324,471,Fb
324,472,Fb
324,477,Fb
324,733,Fb
324,485,Fb
324,749,Fb
324,759,Fb
580,646,Fb
69,512,Fb
69,263,Fb
69,268,Fb
69,524,Fb
69,283,Fb
69,297,Fb
69,299,Fb
69,300,Fb
69,301,Fb
69,580,Fb
69,838,Fb
69,75,Fb
69,333,Fb
69,81,Fb
69,338,Fb
69,850,Fb
69,373,Fb
69,374,Fb
69,133,Fb
69,148,Fb
69,151,Fb
69,177,Fb
69,186,Fb
69,706,Fb
69,472,Fb
69,474,Fb
69,221,Fb
69,237,Fb
69,503,Fb
325,657,Fb
325,424,Fb
325,427,Fb
581,814,Fb
581,817,Fb
581,828,Fb
581,587,Fb
581,610,Fb
581,617,Fb
581,720,Fb
581,752,Fb
326,582,Fb
326,338,Fb
326,373,Fb
326,387,Fb
326,398,Fb
326,439,Fb
582,778,Fb
582,584,Fb
582,692,Fb
71,267,Fb
71,71,Fb
71,839,Fb
71,593,Fb
71,658,Fb
71,458,Fb
71,212,Fb
71,219,Fb
71,475,Fb
327,630,Fb
327,711,Fb
327,463,Fb
327,756,Fb
583,789,Fb
583,588,Fb
583,589,Fb
583,652,Fb
583,677,Fb
583,706,Fb
72,770,Fb
72,259,Fb
72,521,Fb
72,790,Fb
72,820,Fb
72,824,Fb
72,73,Fb
72,78,Fb
72,590,Fb
72,339,Fb
72,88,Fb
72,99,Fb
72,359,Fb
72,136,Fb
72,692,Fb
72,702,Fb
72,198,Fb
328,524,Fb
328,783,Fb
328,622,Fb
328,373,Fb
328,672,Fb
328,677,Fb
328,738,Fb
584,692,Fb
73,259,Fb
73,802,Fb
73,108,Fb
73,367,Fb
73,641,Fb
73,136,Fb
73,650,Fb
73,654,Fb
73,667,Fb
73,706,Fb
73,198,Fb
329,691,Fb
329,486,Fb
329,762,Fb
585,628,Fb
585,687,Fb
74,275,Fb
74,288,Fb
74,301,Fb
74,817,Fb
74,81,Fb
74,342,Fb
74,96,Fb
74,357,Fb
74,104,Fb
74,372,Fb
74,121,Fb
74,401,Fb
74,670,Fb
74,677,Fb
74,678,Fb
74,169,Fb
74,171,Fb
74,173,Fb
74,431,Fb
74,437,Fb
74,189,Fb
74,190,Fb
74,193,Fb
74,720,Fb
74,470,Fb
74,217,Fb
74,733,Fb
74,485,Fb
74,239,Fb
330,768,Fb
330,770,Fb
330,774,Fb
330,778,Fb
330,550,Fb
330,586,Fb
330,342,Fb
330,612,Fb
330,616,Fb
330,626,Fb
330,383,Fb
330,659,Fb
330,405,Fb
330,410,Fb
330,415,Fb
330,682,Fb
330,688,Fb
330,485,Fb
330,490,Fb
330,504,Fb
330,508,Fb
586,774,Fb
586,612,Fb
75,256,Fb
75,768,Fb
75,771,Fb
75,774,Fb
75,521,Fb
75,268,Fb
75,524,Fb
75,269,Fb
75,525,Fb
75,276,Fb
75,294,Fb
75,550,Fb
75,299,Fb
75,300,Fb
75,301,Fb
75,562,Fb
75,311,Fb
75,832,Fb
75,324,Fb
75,326,Fb
75,838,Fb
75,583,Fb
75,330,Fb
75,80,Fb
75,81,Fb
75,338,Fb
75,342,Fb
75,598,Fb
75,611,Fb
75,107,Fb
75,108,Fb
75,111,Fb
75,373,Fb
75,122,Fb
75,381,Fb
75,641,Fb
75,652,Fb
75,142,Fb
75,146,Fb
75,406,Fb
75,154,Fb
75,165,Fb
75,677,Fb
75,171,Fb
75,173,Fb
75,692,Fb
75,186,Fb
75,190,Fb
75,706,Fb
75,207,Fb
75,472,Fb
75,219,Fb
75,221,Fb
75,734,Fb
75,485,Fb
75,242,Fb
75,503,Fb
75,504,Fb
75,249,Fb
331,514,Fb
331,773,Fb
331,534,Fb
331,545,Fb
331,816,Fb
331,346,Fb
331,621,Fb
331,707,Fb
331,721,Fb
587,817,Fb
587,610,Fb
587,617,Fb
587,751,Fb
76,789,Fb
76,280,Fb
76,546,Fb
76,291,Fb
76,809,Fb
76,324,Fb
76,588,Fb
76,351,Fb
76,99,Fb
76,644,Fb
76,158,Fb
76,472,Fb
76,735,Fb
76,485,Fb
332,354,Fb
332,450,Fb
332,720,Fb
588,789,Fb
588,792,Fb
588,589,Fb
588,735,Fb
77,256,Fb
333,521,Fb
333,578,Fb
333,834,Fb
333,335,Fb
333,640,Fb
333,641,Fb
333,396,Fb
333,706,Fb
333,722,Fb
333,474,Fb
333,499,Fb
589,789,Fb
589,846,Fb
589,735,Fb
78,259,Fb
78,521,Fb
78,290,Fb
78,820,Fb
78,824,Fb
78,590,Fb
78,339,Fb
78,99,Fb
78,359,Fb
78,692,Fb
78,702,Fb
78,709,Fb
78,226,Fb
334,563,Fb
334,573,Fb
334,350,Fb
334,607,Fb
334,627,Fb
334,378,Fb
334,729,Fb
334,476,Fb
590,770,Fb
590,790,Fb
590,792,Fb
590,798,Fb
590,820,Fb
590,824,Fb
590,836,Fb
590,653,Fb
590,675,Fb
590,695,Fb
590,747,Fb
590,761,Fb
79,512,Fb
79,538,Fb
79,820,Fb
79,320,Fb
79,83,Fb
79,621,Fb
79,117,Fb
79,135,Fb
79,400,Fb
79,670,Fb
79,687,Fb
79,700,Fb
79,201,Fb
79,211,Fb
79,213,Fb
79,728,Fb
335,525,Fb
335,637,Fb
335,641,Fb
335,414,Fb
335,673,Fb
335,674,Fb
80,826,Fb
80,838,Fb
80,327,Fb
80,595,Fb
80,614,Fb
80,111,Fb
80,373,Fb
80,630,Fb
80,133,Fb
80,406,Fb
80,664,Fb
80,421,Fb
80,186,Fb
80,706,Fb
80,229,Fb
80,744,Fb
80,233,Fb
80,242,Fb
80,249,Fb
336,519,Fb
336,781,Fb
336,541,Fb
336,798,Fb
336,567,Fb
336,351,Fb
336,619,Fb
336,367,Fb
336,644,Fb
336,434,Fb
336,695,Fb
336,472,Fb
336,485,Fb
336,741,Fb
592,637,Fb
81,512,Fb
81,261,Fb
81,263,Fb
81,521,Fb
81,277,Fb
81,280,Fb
81,283,Fb
81,294,Fb
81,297,Fb
81,299,Fb
81,301,Fb
81,571,Fb
81,578,Fb
81,834,Fb
81,324,Fb
81,580,Fb
81,836,Fb
81,330,Fb
81,846,Fb
81,345,Fb
81,96,Fb
81,352,Fb
81,611,Fb
81,618,Fb
81,623,Fb
81,373,Fb
81,374,Fb
81,639,Fb
81,384,Fb
81,641,Fb
81,645,Fb
81,137,Fb
81,651,Fb
81,144,Fb
81,151,Fb
81,677,Fb
81,426,Fb
81,176,Fb
81,437,Fb
81,441,Fb
81,445,Fb
81,706,Fb
81,199,Fb
81,458,Fb
81,461,Fb
81,472,Fb
81,217,Fb
81,219,Fb
81,733,Fb
81,226,Fb
81,485,Fb
81,236,Fb
81,239,Fb
81,496,Fb
81,248,Fb
81,509,Fb
337,567,Fb
337,602,Fb
337,497,Fb
593,806,Fb
593,658,Fb
593,699,Fb
82,530,Fb
82,106,Fb
338,512,Fb
338,564,Fb
338,352,Fb
338,464,Fb
594,657,Fb
594,686,Fb
83,512,Fb
83,257,Fb
83,538,Fb
83,560,Fb
83,824,Fb
83,320,Fb
83,331,Fb
83,355,Fb
83,359,Fb
83,641,Fb
83,136,Fb
83,400,Fb
83,706,Fb
83,201,Fb
83,211,Fb
83,728,Fb
83,220,Fb
339,770,Fb
339,521,Fb
339,582,Fb
339,584,Fb
339,590,Fb
339,359,Fb
339,379,Fb
339,642,Fb
339,692,Fb
339,483,Fb
339,761,Fb
595,664,Fb
84,347,Fb
84,620,Fb
84,370,Fb
84,385,Fb
84,733,Fb
84,485,Fb
340,601,Fb
340,353,Fb
596,627,Fb
596,678,Fb
85,513,Fb
85,519,Fb
85,559,Fb
85,311,Fb
85,567,Fb
85,313,Fb
85,582,Fb
85,584,Fb
85,590,Fb
85,106,Fb
85,377,Fb
85,653,Fb
85,398,Fb
85,663,Fb
85,672,Fb
85,177,Fb
85,692,Fb
85,181,Fb
85,446,Fb
85,702,Fb
85,752,Fb
341,790,Fb
341,341,Fb
341,346,Fb
341,392,Fb
341,442,Fb
341,504,Fb
341,761,Fb
86,808,Fb
86,622,Fb
342,518,Fb
342,774,Fb
342,550,Fb
342,556,Fb
342,817,Fb
342,818,Fb
342,586,Fb
342,845,Fb
342,616,Fb
342,372,Fb
342,401,Fb
342,410,Fb
342,682,Fb
342,685,Fb
342,431,Fb
342,448,Fb
342,720,Fb
342,721,Fb
342,470,Fb
342,472,Fb
342,729,Fb
342,733,Fb
342,487,Fb
342,490,Fb
342,752,Fb
342,504,Fb
598,804,Fb
598,813,Fb
598,820,Fb
598,824,Fb
598,838,Fb
598,840,Fb
598,845,Fb
598,640,Fb
598,648,Fb
598,657,Fb
598,661,Fb
598,671,Fb
598,694,Fb
598,701,Fb
598,711,Fb
598,719,Fb
598,733,Fb
87,525,Fb
87,529,Fb
87,576,Fb
87,599,Fb
87,415,Fb
87,186,Fb
87,188,Fb
87,465,Fb
87,233,Fb
87,238,Fb
87,246,Fb
343,804,Fb
343,553,Fb
343,844,Fb
343,668,Fb
343,683,Fb
599,786,Fb
599,838,Fb
599,645,Fb
599,653,Fb
599,749,Fb
599,759,Fb
88,521,Fb
88,290,Fb
88,560,Fb
88,306,Fb
88,563,Fb
88,564,Fb
88,820,Fb
88,824,Fb
88,572,Fb
88,836,Fb
88,334,Fb
88,590,Fb
88,597,Fb
88,99,Fb
88,378,Fb
88,134,Fb
88,137,Fb
88,139,Fb
88,398,Fb
88,691,Fb
88,726,Fb
88,729,Fb
88,476,Fb
88,226,Fb
88,486,Fb
88,241,Fb
88,760,Fb
88,505,Fb
88,761,Fb
88,254,Fb
344,776,Fb
344,785,Fb
344,552,Fb
344,566,Fb
344,832,Fb
344,838,Fb
344,381,Fb
344,670,Fb
344,416,Fb
344,743,Fb
344,744,Fb
344,509,Fb
600,806,Fb
600,817,Fb
600,820,Fb
600,824,Fb
600,611,Fb
600,632,Fb
600,641,Fb
345,532,Fb
345,537,Fb
345,370,Fb
345,390,Fb
345,396,Fb
345,451,Fb
345,472,Fb
601,804,Fb
601,835,Fb
601,657,Fb
90,521,Fb
90,529,Fb
90,288,Fb
90,817,Fb
90,820,Fb
90,831,Fb
90,578,Fb
90,324,Fb
90,333,Fb
90,91,Fb
90,358,Fb
90,401,Fb
90,151,Fb
90,664,Fb
90,182,Fb
90,722,Fb
90,472,Fb
90,217,Fb
90,474,Fb
90,485,Fb
346,790,Fb
346,576,Fb
346,578,Fb
346,358,Fb
346,621,Fb
346,392,Fb
346,411,Fb
346,436,Fb
346,439,Fb
346,707,Fb
346,728,Fb
602,812,Fb
602,656,Fb
91,517,Fb
91,262,Fb
91,294,Fb
91,557,Fb
91,318,Fb
91,835,Fb
91,390,Fb
91,649,Fb
91,660,Fb
91,460,Fb
347,571,Fb
347,575,Fb
347,640,Fb
347,672,Fb
347,713,Fb
347,494,Fb
603,624,Fb
603,695,Fb
348,838,Fb
348,599,Fb
348,378,Fb
348,645,Fb
348,407,Fb
348,424,Fb
348,436,Fb
348,706,Fb
348,711,Fb
348,462,Fb
348,749,Fb
604,811,Fb
604,605,Fb
604,606,Fb
604,609,Fb
93,268,Fb
93,781,Fb
93,562,Fb
93,108,Fb
93,388,Fb
93,143,Fb
93,154,Fb
93,416,Fb
349,712,Fb
349,506,Fb
605,811,Fb
605,606,Fb
605,609,Fb
605,678,Fb
94,272,Fb
94,315,Fb
94,606,Fb
94,644,Fb
94,405,Fb
94,158,Fb
94,415,Fb
94,688,Fb
94,695,Fb
94,472,Fb
94,219,Fb
94,739,Fb
94,485,Fb
350,785,Fb
350,786,Fb
350,569,Fb
350,845,Fb
350,850,Fb
350,597,Fb
350,599,Fb
350,607,Fb
350,646,Fb
350,411,Fb
350,449,Fb
350,454,Fb
350,741,Fb
350,486,Fb
606,811,Fb
606,609,Fb
606,674,Fb
95,517,Fb
95,262,Fb
95,551,Fb
95,567,Fb
95,358,Fb
95,640,Fb
95,131,Fb
95,394,Fb
95,172,Fb
95,252,Fb
351,519,Fb
351,537,Fb
351,541,Fb
351,798,Fb
351,809,Fb
351,590,Fb
351,619,Fb
351,367,Fb
351,644,Fb
351,415,Fb
351,677,Fb
351,695,Fb
351,700,Fb
351,472,Fb
351,485,Fb
351,741,Fb
351,761,Fb
607,850,Fb
607,646,Fb
607,741,Fb
96,258,Fb
96,262,Fb
96,263,Fb
96,780,Fb
96,270,Fb
96,272,Fb
96,275,Fb
96,532,Fb
96,789,Fb
96,792,Fb
96,288,Fb
96,546,Fb
96,807,Fb
96,809,Fb
96,300,Fb
96,817,Fb
96,818,Fb
96,308,Fb
96,568,Fb
96,583,Fb
96,588,Fb
96,589,Fb
96,342,Fb
96,100,Fb
96,104,Fb
96,619,Fb
96,109,Fb
96,372,Fb
96,121,Fb
96,392,Fb
96,139,Fb
96,401,Fb
96,405,Fb
96,671,Fb
96,678,Fb
96,171,Fb
96,173,Fb
96,431,Fb
96,176,Fb
96,190,Fb
96,192,Fb
96,193,Fb
96,200,Fb
96,457,Fb
96,720,Fb
96,470,Fb
96,217,Fb
96,473,Fb
96,734,Fb
96,485,Fb
96,487,Fb
96,752,Fb
96,503,Fb
96,254,Fb
352,512,Fb
352,534,Fb
352,797,Fb
352,580,Fb
352,612,Fb
352,360,Fb
352,374,Fb
352,464,Fb
352,468,Fb
352,490,Fb
608,771,Fb
608,804,Fb
608,810,Fb
608,835,Fb
608,837,Fb
608,657,Fb
97,524,Fb
97,277,Fb
97,571,Fb
97,578,Fb
97,834,Fb
97,333,Fb
97,641,Fb
97,396,Fb
97,141,Fb
97,402,Fb
97,151,Fb
97,444,Fb
353,785,Fb
353,569,Fb
353,376,Fb
353,381,Fb
353,735,Fb
353,497,Fb
98,362,Fb
98,495,Fb
354,543,Fb
354,666,Fb
354,676,Fb
354,686,Fb
354,446,Fb
354,450,Fb
354,452,Fb
354,720,Fb
354,740,Fb
354,502,Fb
610,817,Fb
610,617,Fb
610,751,Fb
610,758,Fb
99,521,Fb
99,290,Fb
99,546,Fb
99,291,Fb
99,551,Fb
99,824,Fb
99,324,Fb
99,583,Fb
99,589,Fb
99,590,Fb
99,395,Fb
99,677,Fb
99,709,Fb
99,476,Fb
99,735,Fb
99,226,Fb
99,230,Fb
355,512,Fb
355,538,Fb
355,797,Fb
355,646,Fb
355,664,Fb
355,467,Fb
355,736,Fb
611,797,Fb
611,799,Fb
611,806,Fb
611,850,Fb
611,622,Fb
611,641,Fb
611,683,Fb
611,701,Fb
611,706,Fb
100,258,Fb
100,266,Fb
100,524,Fb
100,272,Fb
100,785,Fb
100,546,Fb
100,552,Fb
100,300,Fb
100,568,Fb
100,832,Fb
100,838,Fb
100,839,Fb
100,588,Fb
100,589,Fb
100,344,Fb
100,381,Fb
100,382,Fb
100,139,Fb
100,670,Fb
100,416,Fb
100,672,Fb
100,177,Fb
100,182,Fb
100,183,Fb
100,186,Fb
100,192,Fb
100,205,Fb
100,473,Fb
100,218,Fb
100,743,Fb
100,234,Fb
100,503,Fb
100,507,Fb
100,509,Fb
100,254,Fb
356,523,Fb
356,530,Fb
356,539,Fb
356,798,Fb
356,842,Fb
356,622,Fb
356,371,Fb
356,409,Fb
356,412,Fb
356,448,Fb
356,717,Fb
356,480,Fb
612,797,Fb
612,644,Fb
357,794,Fb
357,546,Fb
357,568,Fb
357,602,Fb
357,358,Fb
357,485,Fb
102,557,Fb
102,558,Fb
102,364,Fb
102,116,Fb
102,684,Fb
102,702,Fb
358,770,Fb
358,521,Fb
358,817,Fb
358,819,Fb
358,823,Fb
358,831,Fb
358,845,Fb
358,602,Fb
358,611,Fb
358,360,Fb
358,641,Fb
358,401,Fb
358,406,Fb
358,411,Fb
358,670,Fb
358,421,Fb
358,438,Fb
358,444,Fb
358,706,Fb
358,722,Fb
358,472,Fb
358,728,Fb
358,474,Fb
358,485,Fb
358,503,Fb
614,838,Fb
614,706,Fb
614,744,Fb
103,293,Fb
359,560,Fb
359,378,Fb
359,395,Fb
359,677,Fb
359,692,Fb
359,700,Fb
359,702,Fb
359,761,Fb
615,627,Fb
615,644,Fb
615,652,Fb
615,709,Fb
615,729,Fb
615,746,Fb
104,263,Fb
104,275,Fb
104,543,Fb
104,288,Fb
104,806,Fb
104,817,Fb
104,824,Fb
104,826,Fb
104,835,Fb
104,342,Fb
104,350,Fb
104,107,Fb
104,372,Fb
104,632,Fb
104,121,Fb
104,633,Fb
104,401,Fb
104,657,Fb
104,403,Fb
104,415,Fb
104,677,Fb
104,678,Fb
104,171,Fb
104,173,Fb
104,431,Fb
104,189,Fb
104,190,Fb
104,193,Fb
104,208,Fb
104,470,Fb
104,217,Fb
104,226,Fb
104,485,Fb
104,749,Fb
360,534,Fb
360,797,Fb
360,611,Fb
360,612,Fb
360,374,Fb
360,411,Fb
360,464,Fb
360,728,Fb
360,490,Fb
360,497,Fb
616,768,Fb
616,642,Fb
105,327,Fb
105,630,Fb
105,119,Fb
105,122,Fb
105,640,Fb
105,133,Fb
105,175,Fb
105,744,Fb
361,385,Fb
617,814,Fb
617,817,Fb
617,837,Fb
617,693,Fb
106,296,Fb
106,557,Fb
106,575,Fb
106,835,Fb
106,334,Fb
106,377,Fb
106,657,Fb
106,672,Fb
106,446,Fb
106,758,Fb
362,523,Fb
362,371,Fb
618,848,Fb
107,263,Fb
107,525,Fb
107,543,Fb
107,288,Fb
107,806,Fb
107,817,Fb
107,824,Fb
107,572,Fb
107,829,Fb
107,583,Fb
107,845,Fb
107,343,Fb
107,600,Fb
107,345,Fb
107,608,Fb
107,632,Fb
107,633,Fb
107,652,Fb
107,401,Fb
107,403,Fb
107,189,Fb
107,208,Fb
107,472,Fb
107,221,Fb
363,804,Fb
363,815,Fb
363,561,Fb
363,844,Fb
363,657,Fb
363,668,Fb
363,683,Fb
363,733,Fb
619,798,Fb
619,809,Fb
619,818,Fb
619,644,Fb
619,695,Fb
619,741,Fb
619,752,Fb
108,771,Fb
108,773,Fb
108,523,Fb
108,268,Fb
108,526,Fb
108,530,Fb
108,532,Fb
108,539,Fb
108,798,Fb
108,800,Fb
108,294,Fb
108,551,Fb
108,300,Fb
108,303,Fb
108,590,Fb
108,611,Fb
108,356,Fb
108,358,Fb
108,371,Fb
108,385,Fb
108,641,Fb
108,136,Fb
108,650,Fb
108,652,Fb
108,654,Fb
108,401,Fb
108,667,Fb
108,448,Fb
108,706,Fb
108,208,Fb
108,465,Fb
108,210,Fb
108,472,Fb
108,480,Fb
108,761,Fb
108,766,Fb
364,557,Fb
364,558,Fb
364,431,Fb
364,500,Fb
109,532,Fb
109,818,Fb
109,308,Fb
109,616,Fb
109,619,Fb
109,130,Fb
109,190,Fb
109,192,Fb
109,200,Fb
109,457,Fb
109,741,Fb
109,487,Fb
109,752,Fb
109,503,Fb
365,838,Fb
365,622,Fb
365,628,Fb
365,652,Fb
365,677,Fb
365,437,Fb
365,471,Fb
621,670,Fb
621,707,Fb
110,388,Fb
110,644,Fb
110,489,Fb
622,817,Fb
622,652,Fb
622,677,Fb
622,720,Fb
622,738,Fb
111,524,Fb
111,806,Fb
111,300,Fb
111,826,Fb
111,838,Fb
111,358,Fb
111,614,Fb
111,373,Fb
111,406,Fb
111,670,Fb
111,421,Fb
111,182,Fb
111,186,Fb
111,706,Fb
111,205,Fb
111,221,Fb
111,229,Fb
111,486,Fb
111,240,Fb
111,499,Fb
111,503,Fb
111,249,Fb
367,519,Fb
367,541,Fb
367,798,Fb
623,807,Fb
623,651,Fb
112,569,Fb
112,353,Fb
112,639,Fb
112,190,Fb
112,200,Fb
368,520,Fb
368,814,Fb
368,817,Fb
368,567,Fb
368,581,Fb
368,837,Fb
368,587,Fb
368,617,Fb
368,381,Fb
368,391,Fb
368,442,Fb
368,489,Fb
624,804,Fb
624,806,Fb
624,837,Fb
624,633,Fb
624,657,Fb
624,658,Fb
624,675,Fb
624,710,Fb
624,723,Fb
113,357,Fb
113,362,Fb
113,646,Fb
113,146,Fb
113,211,Fb
113,247,Fb
369,802,Fb
369,635,Fb
625,818,Fb
625,752,Fb
114,376,Fb
114,408,Fb
114,486,Fb
114,748,Fb
114,762,Fb
114,764,Fb
370,512,Fb
370,532,Fb
370,371,Fb
370,385,Fb
370,645,Fb
370,428,Fb
115,267,Fb
115,523,Fb
115,798,Fb
115,800,Fb
115,801,Fb
115,294,Fb
115,300,Fb
115,820,Fb
115,828,Fb
115,844,Fb
115,362,Fb
115,371,Fb
115,641,Fb
115,146,Fb
115,402,Fb
115,658,Fb
115,664,Fb
115,689,Fb
115,444,Fb
115,194,Fb
115,706,Fb
115,719,Fb
115,466,Fb
115,475,Fb
115,733,Fb
115,482,Fb
115,486,Fb
371,513,Fb
371,523,Fb
371,780,Fb
371,525,Fb
371,526,Fb
371,532,Fb
371,798,Fb
371,800,Fb
371,809,Fb
371,820,Fb
371,578,Fb
371,839,Fb
371,590,Fb
371,385,Fb
371,388,Fb
371,653,Fb
371,402,Fb
371,659,Fb
371,663,Fb
371,440,Fb
371,444,Fb
371,466,Fb
371,472,Fb
371,480,Fb
371,484,Fb
371,485,Fb
371,486,Fb
371,507,Fb
627,652,Fb
627,659,Fb
116,262,Fb
116,628,Fb
116,631,Fb
116,468,Fb
372,780,Fb
372,817,Fb
372,401,Fb
372,678,Fb
372,431,Fb
372,470,Fb
628,643,Fb
628,713,Fb
117,519,Fb
117,305,Fb
117,832,Fb
117,838,Fb
117,348,Fb
117,663,Fb
117,423,Fb
117,424,Fb
117,195,Fb
117,198,Fb
373,521,Fb
373,524,Fb
373,525,Fb
373,552,Fb
373,820,Fb
373,826,Fb
373,832,Fb
373,838,Fb
373,596,Fb
373,614,Fb
373,627,Fb
373,387,Fb
373,393,Fb
373,652,Fb
373,406,Fb
373,672,Fb
373,421,Fb
373,677,Fb
373,424,Fb
373,706,Fb
373,474,Fb
373,744,Fb
373,503,Fb
373,505,Fb
373,507,Fb
118,257,Fb
118,522,Fb
118,534,Fb
118,545,Fb
118,816,Fb
118,306,Fb
118,574,Fb
118,578,Fb
118,331,Fb
118,346,Fb
118,621,Fb
118,371,Fb
118,388,Fb
118,648,Fb
118,140,Fb
118,653,Fb
118,148,Fb
118,663,Fb
118,679,Fb
118,174,Fb
118,444,Fb
118,707,Fb
118,712,Fb
118,227,Fb
118,484,Fb
118,489,Fb
118,243,Fb
118,506,Fb
118,507,Fb
118,509,Fb
374,512,Fb
374,534,Fb
374,797,Fb
374,580,Fb
374,600,Fb
374,612,Fb
374,426,Fb
374,441,Fb
374,461,Fb
374,464,Fb
374,490,Fb
630,782,Fb
119,283,Fb
119,327,Fb
119,122,Fb
119,175,Fb
119,241,Fb
119,756,Fb
375,836,Fb
375,845,Fb
375,633,Fb
375,432,Fb
631,844,Fb
631,758,Fb
120,527,Fb
120,314,Fb
120,573,Fb
376,771,Fb
376,784,Fb
376,786,Fb
376,797,Fb
376,547,Fb
376,646,Fb
376,408,Fb
376,733,Fb
376,748,Fb
376,755,Fb
376,764,Fb
376,766,Fb
632,806,Fb
632,817,Fb
632,824,Fb
632,748,Fb
121,288,Fb
121,801,Fb
121,817,Fb
121,401,Fb
121,169,Fb
121,190,Fb
121,720,Fb
121,217,Fb
377,811,Fb
377,566,Fb
377,577,Fb
377,842,Fb
377,604,Fb
377,605,Fb
377,606,Fb
377,609,Fb
377,672,Fb
377,446,Fb
377,491,Fb
633,723,Fb
122,263,Fb
122,776,Fb
122,273,Fb
122,277,Fb
122,543,Fb
122,804,Fb
122,300,Fb
122,813,Fb
122,817,Fb
122,575,Fb
122,835,Fb
122,327,Fb
122,840,Fb
122,598,Fb
122,622,Fb
122,375,Fb
122,385,Fb
122,645,Fb
122,652,Fb
122,657,Fb
122,661,Fb
122,413,Fb
122,175,Fb
122,436,Fb
122,701,Fb
122,711,Fb
122,742,Fb
122,756,Fb
122,248,Fb
378,521,Fb
378,790,Fb
378,536,Fb
378,563,Fb
378,836,Fb
378,627,Fb
378,395,Fb
378,659,Fb
378,687,Fb
378,692,Fb
378,711,Fb
378,726,Fb
378,729,Fb
378,476,Fb
378,733,Fb
378,486,Fb
378,761,Fb
123,525,Fb
123,273,Fb
123,529,Fb
123,542,Fb
123,558,Fb
123,842,Fb
123,845,Fb
123,596,Fb
123,377,Fb
123,635,Fb
123,394,Fb
123,163,Fb
123,437,Fb
123,712,Fb
123,480,Fb
123,494,Fb
123,755,Fb
379,582,Fb
379,584,Fb
379,642,Fb
379,757,Fb
635,809,Fb
635,735,Fb
125,398,Fb
381,524,Fb
381,527,Fb
381,785,Fb
381,562,Fb
381,564,Fb
381,832,Fb
381,838,Fb
381,670,Fb
381,416,Fb
381,424,Fb
381,736,Fb
381,744,Fb
381,746,Fb
381,509,Fb
637,673,Fb
637,674,Fb
637,702,Fb
126,537,Fb
126,194,Fb
126,451,Fb
126,472,Fb
382,502,Fb
127,534,Fb
127,578,Fb
127,612,Fb
127,497,Fb
383,768,Fb
383,682,Fb
383,501,Fb
639,664,Fb
639,685,Fb
128,771,Fb
128,784,Fb
128,786,Fb
128,797,Fb
128,547,Fb
128,307,Fb
128,824,Fb
128,845,Fb
128,376,Fb
128,646,Fb
128,399,Fb
128,162,Fb
128,208,Fb
128,211,Fb
128,472,Fb
128,733,Fb
128,743,Fb
128,235,Fb
640,641,Fb
640,694,Fb
129,774,Fb
129,330,Fb
129,586,Fb
129,154,Fb
129,410,Fb
129,178,Fb
129,180,Fb
129,455,Fb
385,775,Fb
385,532,Fb
385,795,Fb
385,798,Fb
385,832,Fb
385,590,Fb
385,652,Fb
385,400,Fb
385,402,Fb
385,405,Fb
385,688,Fb
385,706,Fb
385,729,Fb
385,746,Fb
385,494,Fb
385,761,Fb
641,820,Fb
641,834,Fb
641,836,Fb
641,838,Fb
641,846,Fb
641,689,Fb
641,706,Fb
641,722,Fb
641,752,Fb
130,784,Fb
130,289,Fb
130,550,Fb
130,308,Fb
130,569,Fb
130,324,Fb
130,838,Fb
130,599,Fb
130,642,Fb
130,645,Fb
130,139,Fb
130,423,Fb
130,200,Fb
130,457,Fb
130,487,Fb
130,749,Fb
130,752,Fb
386,540,Fb
386,567,Fb
386,585,Fb
386,842,Fb
386,628,Fb
386,643,Fb
386,410,Fb
386,676,Fb
642,838,Fb
131,265,Fb
131,280,Fb
131,537,Fb
131,798,Fb
131,804,Fb
131,809,Fb
131,840,Fb
131,336,Fb
131,345,Fb
131,351,Fb
131,365,Fb
131,628,Fb
131,135,Fb
131,396,Fb
131,166,Fb
131,183,Fb
131,194,Fb
131,706,Fb
131,472,Fb
131,217,Fb
131,219,Fb
131,485,Fb
387,582,Fb
387,694,Fb
387,446,Fb
387,479,Fb
132,265,Fb
132,281,Fb
132,540,Fb
132,293,Fb
132,808,Fb
132,566,Fb
132,575,Fb
132,837,Fb
132,332,Fb
132,598,Fb
132,354,Fb
132,648,Fb
132,195,Fb
132,502,Fb
388,578,Fb
388,838,Fb
388,644,Fb
388,423,Fb
388,444,Fb
388,484,Fb
388,742,Fb
388,743,Fb
388,506,Fb
644,798,Fb
644,841,Fb
644,644,Fb
644,688,Fb
644,695,Fb
644,741,Fb
644,742,Fb
133,512,Fb
133,263,Fb
133,297,Fb
133,299,Fb
133,832,Fb
133,580,Fb
133,838,Fb
133,338,Fb
133,352,Fb
133,373,Fb
133,374,Fb
133,144,Fb
133,670,Fb
133,186,Fb
133,447,Fb
133,464,Fb
133,744,Fb
133,237,Fb
389,496,Fb
645,784,Fb
645,786,Fb
645,824,Fb
645,659,Fb
645,706,Fb
134,590,Fb
134,226,Fb
390,576,Fb
390,583,Fb
390,633,Fb
390,396,Fb
390,661,Fb
390,683,Fb
390,685,Fb
390,719,Fb
390,735,Fb
390,502,Fb
646,771,Fb
646,784,Fb
646,786,Fb
646,797,Fb
646,836,Fb
646,850,Fb
646,647,Fb
646,669,Fb
646,733,Fb
646,736,Fb
646,741,Fb
646,747,Fb
135,512,Fb
135,790,Fb
135,280,Fb
135,537,Fb
135,798,Fb
135,809,Fb
135,320,Fb
135,323,Fb
135,605,Fb
135,351,Fb
135,619,Fb
135,399,Fb
135,700,Fb
135,201,Fb
135,721,Fb
135,469,Fb
135,472,Fb
135,219,Fb
135,485,Fb
391,520,Fb
391,581,Fb
391,837,Fb
391,617,Fb
391,442,Fb
136,259,Fb
136,286,Fb
136,570,Fb
136,339,Fb
136,358,Fb
136,137,Fb
136,650,Fb
136,654,Fb
136,667,Fb
136,176,Fb
136,692,Fb
136,443,Fb
136,706,Fb
136,457,Fb
392,781,Fb
392,550,Fb
392,818,Fb
392,576,Fb
392,578,Fb
392,616,Fb
392,401,Fb
392,457,Fb
392,487,Fb
392,752,Fb
392,755,Fb
392,504,Fb
392,761,Fb
648,804,Fb
648,813,Fb
648,671,Fb
648,712,Fb
648,714,Fb
137,786,Fb
137,284,Fb
137,818,Fb
137,597,Fb
137,599,Fb
137,358,Fb
137,625,Fb
137,399,Fb
137,401,Fb
137,663,Fb
137,176,Fb
137,181,Fb
137,438,Fb
137,706,Fb
137,454,Fb
137,457,Fb
137,227,Fb
137,235,Fb
137,748,Fb
137,752,Fb
137,244,Fb
137,509,Fb
393,530,Fb
393,543,Fb
393,842,Fb
393,596,Fb
393,627,Fb
393,402,Fb
393,407,Fb
393,412,Fb
393,678,Fb
393,432,Fb
393,689,Fb
393,444,Fb
393,466,Fb
393,729,Fb
393,474,Fb
393,733,Fb
393,482,Fb
393,486,Fb
393,505,Fb
649,651,Fb
138,262,Fb
138,804,Fb
138,551,Fb
138,554,Fb
138,316,Fb
138,578,Fb
138,337,Fb
138,602,Fb
138,643,Fb
138,435,Fb
138,243,Fb
394,542,Fb
394,550,Fb
394,551,Fb
394,635,Fb
394,640,Fb
394,645,Fb
394,659,Fb
394,676,Fb
394,719,Fb
394,751,Fb
650,654,Fb
650,667,Fb
139,266,Fb
139,272,Fb
139,532,Fb
139,546,Fb
139,300,Fb
139,564,Fb
139,568,Fb
139,583,Fb
139,588,Fb
139,589,Fb
139,597,Fb
139,344,Fb
139,672,Fb
139,177,Fb
139,192,Fb
139,216,Fb
139,221,Fb
139,743,Fb
139,503,Fb
139,507,Fb
139,254,Fb
395,521,Fb
395,836,Fb
395,588,Fb
395,589,Fb
395,846,Fb
395,476,Fb
395,477,Fb
395,735,Fb
140,512,Fb
140,551,Fb
140,581,Fb
140,354,Fb
140,640,Fb
140,648,Fb
140,394,Fb
140,401,Fb
140,676,Fb
140,169,Fb
140,173,Fb
140,187,Fb
140,450,Fb
140,243,Fb
396,556,Fb
396,578,Fb
396,834,Fb
396,583,Fb
396,846,Fb
396,641,Fb
396,499,Fb
652,771,Fb
652,789,Fb
652,794,Fb
652,795,Fb
652,811,Fb
652,831,Fb
652,838,Fb
652,846,Fb
652,677,Fb
652,692,Fb
652,706,Fb
652,722,Fb
652,729,Fb
652,746,Fb
141,280,Fb
141,556,Fb
141,578,Fb
141,333,Fb
141,396,Fb
141,146,Fb
141,151,Fb
141,176,Fb
141,492,Fb
141,499,Fb
397,567,Fb
397,833,Fb
397,628,Fb
397,448,Fb
653,663,Fb
653,679,Fb
142,775,Fb
142,268,Fb
142,524,Fb
142,549,Fb
142,556,Fb
142,576,Fb
142,583,Fb
142,652,Fb
142,161,Fb
142,677,Fb
142,186,Fb
142,219,Fb
142,500,Fb
398,563,Fb
398,572,Fb
398,582,Fb
398,627,Fb
398,692,Fb
398,439,Fb
398,455,Fb
398,721,Fb
398,729,Fb
398,476,Fb
398,736,Fb
398,505,Fb
398,762,Fb
143,268,Fb
143,781,Fb
143,313,Fb
143,850,Fb
143,203,Fb
143,461,Fb
143,487,Fb
399,514,Fb
399,771,Fb
399,784,Fb
399,547,Fb
399,645,Fb
399,679,Fb
399,721,Fb
399,469,Fb
655,723,Fb
144,266,Fb
144,539,Fb
144,299,Fb
144,560,Fb
144,344,Fb
144,359,Fb
144,628,Fb
144,381,Fb
144,670,Fb
144,416,Fb
144,221,Fb
400,512,Fb
400,540,Fb
400,494,Fb
656,812,Fb
145,331,Fb
145,146,Fb
401,521,Fb
401,550,Fb
401,817,Fb
401,818,Fb
401,824,Fb
401,611,Fb
401,625,Fb
401,632,Fb
401,641,Fb
401,678,Fb
401,431,Fb
401,443,Fb
401,706,Fb
401,712,Fb
401,457,Fb
401,720,Fb
401,470,Fb
401,485,Fb
401,486,Fb
401,487,Fb
401,490,Fb
401,752,Fb
401,509,Fb
657,804,Fb
657,813,Fb
657,817,Fb
657,820,Fb
657,824,Fb
657,835,Fb
657,844,Fb
657,686,Fb
657,706,Fb
657,712,Fb
657,733,Fb
146,260,Fb
146,268,Fb
146,539,Fb
146,805,Fb
146,806,Fb
146,809,Fb
146,571,Fb
146,838,Fb
146,600,Fb
146,611,Fb
146,357,Fb
146,406,Fb
146,176,Fb
146,186,Fb
146,701,Fb
146,219,Fb
146,239,Fb
146,499,Fb
402,801,Fb
402,403,Fb
402,432,Fb
402,689,Fb
402,444,Fb
402,466,Fb
402,733,Fb
402,482,Fb
402,486,Fb
658,806,Fb
658,828,Fb
658,699,Fb
147,772,Fb
147,777,Fb
147,528,Fb
147,274,Fb
147,791,Fb
147,796,Fb
147,827,Fb
147,157,Fb
147,715,Fb
147,469,Fb
147,218,Fb
147,478,Fb
147,479,Fb
147,737,Fb
147,492,Fb
147,763,Fb
147,510,Fb
403,543,Fb
403,801,Fb
403,806,Fb
403,824,Fb
403,576,Fb
403,600,Fb
403,611,Fb
403,632,Fb
403,432,Fb
403,689,Fb
403,444,Fb
403,702,Fb
403,466,Fb
403,486,Fb
403,503,Fb
659,696,Fb
659,721,Fb
659,736,Fb
659,743,Fb
148,257,Fb
148,514,Fb
148,534,Fb
148,545,Fb
148,306,Fb
148,578,Fb
148,603,Fb
148,349,Fb
148,371,Fb
148,388,Fb
148,653,Fb
148,659,Fb
148,407,Fb
148,663,Fb
148,679,Fb
148,696,Fb
148,444,Fb
148,707,Fb
148,207,Fb
148,465,Fb
148,721,Fb
148,484,Fb
148,743,Fb
148,506,Fb
148,507,Fb
404,553,Fb
404,809,Fb
404,819,Fb
404,820,Fb
404,577,Fb
404,839,Fb
404,614,Fb
660,687,Fb
405,513,Fb
405,521,Fb
405,823,Fb
405,601,Fb
405,615,Fb
405,644,Fb
405,670,Fb
405,415,Fb
405,682,Fb
405,688,Fb
405,438,Fb
405,709,Fb
405,729,Fb
405,733,Fb
405,485,Fb
661,840,Fb
661,844,Fb
661,683,Fb
661,701,Fb
661,711,Fb
661,733,Fb
150,579,Fb
406,524,Fb
406,809,Fb
406,556,Fb
406,826,Fb
406,838,Fb
406,421,Fb
406,706,Fb
406,503,Fb
151,512,Fb
151,263,Fb
151,521,Fb
151,529,Fb
151,280,Fb
151,283,Fb
151,297,Fb
151,299,Fb
151,578,Fb
151,580,Fb
151,333,Fb
151,846,Fb
151,374,Fb
151,641,Fb
151,396,Fb
151,426,Fb
151,441,Fb
151,706,Fb
151,201,Fb
151,722,Fb
151,472,Fb
151,474,Fb
151,499,Fb
407,691,Fb
407,436,Fb
407,711,Fb
407,474,Fb
407,486,Fb
407,505,Fb
407,762,Fb
663,679,Fb
663,707,Fb
152,513,Fb
152,266,Fb
152,564,Fb
152,381,Fb
152,405,Fb
152,158,Fb
152,670,Fb
152,416,Fb
152,175,Fb
152,180,Fb
152,195,Fb
152,208,Fb
152,221,Fb
152,746,Fb
408,551,Fb
408,676,Fb
408,748,Fb
408,764,Fb
664,828,Fb
664,706,Fb
153,840,Fb
153,612,Fb
153,701,Fb
409,842,Fb
409,448,Fb
409,717,Fb
409,480,Fb
154,768,Fb
154,524,Fb
154,550,Fb
154,562,Fb
154,311,Fb
154,832,Fb
154,326,Fb
154,838,Fb
154,330,Fb
154,338,Fb
154,388,Fb
154,394,Fb
154,410,Fb
154,165,Fb
154,692,Fb
154,186,Fb
154,196,Fb
154,504,Fb
154,249,Fb
154,508,Fb
410,784,Fb
410,540,Fb
410,797,Fb
410,586,Fb
666,666,Fb
666,686,Fb
666,695,Fb
666,711,Fb
666,720,Fb
666,758,Fb
155,786,Fb
155,324,Fb
155,838,Fb
155,850,Fb
155,599,Fb
155,350,Fb
155,607,Fb
155,356,Fb
155,645,Fb
155,646,Fb
155,679,Fb
155,462,Fb
155,741,Fb
155,749,Fb
155,759,Fb
411,786,Fb
411,829,Fb
411,597,Fb
411,599,Fb
411,645,Fb
411,670,Fb
411,728,Fb
411,473,Fb
411,755,Fb
667,808,Fb
156,817,Fb
156,581,Fb
156,587,Fb
156,354,Fb
156,610,Fb
156,676,Fb
156,446,Fb
156,209,Fb
412,466,Fb
412,470,Fb
412,729,Fb
412,733,Fb
668,815,Fb
668,844,Fb
668,683,Fb
157,772,Fb
157,777,Fb
157,528,Fb
157,274,Fb
157,791,Fb
157,796,Fb
157,812,Fb
157,562,Fb
157,827,Fb
157,606,Fb
157,440,Fb
157,707,Fb
157,715,Fb
157,469,Fb
157,218,Fb
157,479,Fb
157,737,Fb
157,492,Fb
157,763,Fb
157,510,Fb
413,522,Fb
413,840,Fb
413,598,Fb
413,661,Fb
413,701,Fb
413,448,Fb
413,711,Fb
413,729,Fb
158,770,Fb
158,519,Fb
158,521,Fb
158,778,Fb
158,272,Fb
158,784,Fb
158,534,Fb
158,541,Fb
158,809,Fb
158,315,Fb
158,323,Fb
158,841,Fb
158,330,Fb
158,619,Fb
158,383,Fb
158,644,Fb
158,405,Fb
158,415,Fb
158,162,Fb
158,166,Fb
158,682,Fb
158,688,Fb
158,178,Fb
158,438,Fb
158,695,Fb
158,196,Fb
158,709,Fb
158,213,Fb
158,472,Fb
158,219,Fb
158,485,Fb
158,741,Fb
414,528,Fb
414,812,Fb
414,637,Fb
414,673,Fb
414,674,Fb
414,421,Fb
414,440,Fb
414,469,Fb
670,785,Fb
670,832,Fb
670,838,Fb
670,706,Fb
670,743,Fb
670,744,Fb
415,770,Fb
415,778,Fb
415,784,Fb
415,798,Fb
415,841,Fb
415,644,Fb
415,672,Fb
415,682,Fb
415,688,Fb
415,695,Fb
415,472,Fb
415,485,Fb
415,749,Fb
671,813,Fb
671,672,Fb
160,802,Fb
160,601,Fb
160,369,Fb
160,697,Fb
416,775,Fb
416,524,Fb
416,785,Fb
416,795,Fb
416,552,Fb
416,832,Fb
416,838,Fb
416,669,Fb
416,670,Fb
416,743,Fb
416,744,Fb
672,677,Fb
161,799,Fb
161,549,Fb
161,304,Fb
161,176,Fb
161,186,Fb
161,701,Fb
161,472,Fb
161,219,Fb
417,538,Fb
417,624,Fb
673,812,Fb
673,828,Fb
673,674,Fb
162,771,Fb
162,263,Fb
162,521,Fb
162,272,Fb
162,784,Fb
162,786,Fb
162,797,Fb
162,558,Fb
162,823,Fb
162,312,Fb
162,315,Fb
162,358,Fb
162,370,Fb
162,376,Fb
162,644,Fb
162,646,Fb
162,652,Fb
162,405,Fb
162,415,Fb
162,166,Fb
162,682,Fb
162,688,Fb
162,178,Fb
162,211,Fb
162,469,Fb
162,733,Fb
162,485,Fb
162,235,Fb
674,720,Fb
163,524,Fb
163,304,Fb
163,596,Fb
163,419,Fb
163,164,Fb
163,184,Fb
163,474,Fb
163,494,Fb
419,557,Fb
419,559,Fb
419,592,Fb
419,601,Fb
419,673,Fb
164,807,Fb
164,304,Fb
164,397,Fb
164,448,Fb
164,470,Fb
164,494,Fb
165,768,Fb
165,282,Fb
165,550,Fb
165,330,Fb
165,342,Fb
165,166,Fb
165,506,Fb
421,524,Fb
421,826,Fb
421,838,Fb
421,670,Fb
421,672,Fb
421,706,Fb
421,722,Fb
421,503,Fb
677,809,Fb
677,846,Fb
677,700,Fb
677,733,Fb
166,521,Fb
166,778,Fb
166,524,Fb
166,272,Fb
166,825,Fb
166,315,Fb
166,572,Fb
166,317,Fb
166,365,Fb
166,628,Fb
166,373,Fb
166,415,Fb
166,672,Fb
166,677,Fb
166,688,Fb
166,178,Fb
166,438,Fb
166,183,Fb
166,217,Fb
166,485,Fb
678,780,Fb
678,784,Fb
678,806,Fb
678,807,Fb
678,817,Fb
167,324,Fb
167,590,Fb
167,423,Fb
167,695,Fb
167,462,Fb
167,215,Fb
167,508,Fb
423,792,Fb
423,562,Fb
423,838,Fb
423,590,Fb
423,626,Fb
423,644,Fb
423,424,Fb
423,436,Fb
423,695,Fb
423,462,Fb
423,742,Fb
423,747,Fb
423,749,Fb
423,759,Fb
423,761,Fb
423,508,Fb
168,295,Fb
168,836,Fb
168,845,Fb
168,647,Fb
168,200,Fb
168,236,Fb
424,524,Fb
424,785,Fb
424,574,Fb
424,832,Fb
424,838,Fb
424,599,Fb
424,645,Fb
424,670,Fb
424,436,Fb
424,462,Fb
424,744,Fb
424,749,Fb
424,503,Fb
169,263,Fb
169,275,Fb
169,288,Fb
169,817,Fb
169,401,Fb
169,189,Fb
169,190,Fb
169,712,Fb
169,217,Fb
169,509,Fb
426,512,Fb
426,580,Fb
426,441,Fb
171,525,Fb
171,275,Fb
171,288,Fb
171,809,Fb
171,817,Fb
171,310,Fb
171,320,Fb
171,342,Fb
171,622,Fb
171,372,Fb
171,373,Fb
171,401,Fb
171,406,Fb
171,411,Fb
171,682,Fb
171,173,Fb
171,431,Fb
171,437,Fb
171,189,Fb
171,190,Fb
171,193,Fb
171,208,Fb
171,720,Fb
171,217,Fb
171,219,Fb
171,485,Fb
427,657,Fb
683,844,Fb
683,733,Fb
172,551,Fb
172,316,Fb
172,640,Fb
172,205,Fb
172,742,Fb
172,234,Fb
428,532,Fb
684,685,Fb
684,735,Fb
173,263,Fb
173,288,Fb
173,809,Fb
173,561,Fb
173,817,Fb
173,342,Fb
173,598,Fb
173,372,Fb
173,631,Fb
173,401,Fb
173,406,Fb
173,664,Fb
173,678,Fb
173,431,Fb
173,176,Fb
173,186,Fb
173,189,Fb
173,190,Fb
173,193,Fb
173,466,Fb
173,211,Fb
173,470,Fb
173,217,Fb
173,219,Fb
173,485,Fb
429,832,Fb
429,615,Fb
429,627,Fb
429,688,Fb
429,729,Fb
685,735,Fb
174,257,Fb
174,773,Fb
174,522,Fb
174,282,Fb
174,545,Fb
174,553,Fb
174,816,Fb
174,829,Fb
174,574,Fb
174,331,Fb
174,346,Fb
174,621,Fb
174,398,Fb
174,413,Fb
174,436,Fb
174,707,Fb
174,454,Fb
174,455,Fb
174,225,Fb
174,227,Fb
174,752,Fb
174,251,Fb
430,624,Fb
686,740,Fb
175,327,Fb
175,844,Fb
175,405,Fb
175,688,Fb
175,436,Fb
175,457,Fb
175,729,Fb
175,756,Fb
175,760,Fb
431,809,Fb
431,817,Fb
431,678,Fb
431,720,Fb
431,470,Fb
431,485,Fb
687,813,Fb
687,744,Fb
176,260,Fb
176,262,Fb
176,263,Fb
176,266,Fb
176,525,Fb
176,280,Fb
176,797,Fb
176,286,Fb
176,295,Fb
176,556,Fb
176,817,Fb
176,306,Fb
176,820,Fb
176,824,Fb
176,571,Fb
176,576,Fb
176,578,Fb
176,324,Fb
176,838,Fb
176,845,Fb
176,598,Fb
176,350,Fb
176,611,Fb
176,358,Fb
176,371,Fb
176,372,Fb
176,373,Fb
176,379,Fb
176,641,Fb
176,401,Fb
176,657,Fb
176,406,Fb
176,691,Fb
176,186,Fb
176,444,Fb
176,701,Fb
176,190,Fb
176,200,Fb
176,721,Fb
176,472,Fb
176,217,Fb
176,219,Fb
176,220,Fb
176,221,Fb
176,733,Fb
176,228,Fb
176,485,Fb
176,486,Fb
176,497,Fb
176,499,Fb
432,543,Fb
432,801,Fb
432,600,Fb
432,655,Fb
432,689,Fb
432,444,Fb
432,466,Fb
432,733,Fb
432,482,Fb
432,486,Fb
177,512,Fb
177,263,Fb
177,552,Fb
177,300,Fb
177,568,Fb
177,832,Fb
177,838,Fb
177,344,Fb
177,381,Fb
177,670,Fb
177,416,Fb
177,446,Fb
177,464,Fb
177,743,Fb
433,804,Fb
689,801,Fb
689,709,Fb
689,729,Fb
689,733,Fb
178,770,Fb
178,521,Fb
178,778,Fb
178,272,Fb
178,288,Fb
178,550,Fb
178,823,Fb
178,315,Fb
178,330,Fb
178,612,Fb
178,626,Fb
178,383,Fb
178,644,Fb
178,405,Fb
178,415,Fb
178,682,Fb
178,688,Fb
178,438,Fb
178,196,Fb
178,485,Fb
178,490,Fb
179,812,Fb
179,602,Fb
179,656,Fb
179,180,Fb
179,440,Fb
179,193,Fb
179,733,Fb
179,485,Fb
435,520,Fb
435,648,Fb
435,466,Fb
691,815,Fb
691,762,Fb
180,560,Fb
180,569,Fb
180,832,Fb
180,586,Fb
180,334,Fb
180,627,Fb
180,405,Fb
180,416,Fb
180,682,Fb
180,429,Fb
180,688,Fb
180,729,Fb
180,733,Fb
180,485,Fb
180,486,Fb
436,773,Fb
436,776,Fb
436,522,Fb
436,553,Fb
436,574,Fb
436,838,Fb
436,621,Fb
436,645,Fb
436,711,Fb
436,462,Fb
436,749,Fb
692,839,Fb
692,695,Fb
692,702,Fb
692,754,Fb
181,778,Fb
181,282,Fb
181,284,Fb
181,311,Fb
181,572,Fb
181,326,Fb
181,582,Fb
181,839,Fb
181,584,Fb
181,597,Fb
181,599,Fb
181,387,Fb
181,398,Fb
181,411,Fb
181,689,Fb
181,439,Fb
181,709,Fb
181,454,Fb
181,228,Fb
181,241,Fb
437,583,Fb
437,846,Fb
437,652,Fb
437,677,Fb
437,471,Fb
437,485,Fb
693,814,Fb
182,521,Fb
182,820,Fb
182,831,Fb
182,358,Fb
182,421,Fb
182,183,Fb
182,190,Fb
182,706,Fb
182,722,Fb
182,733,Fb
182,485,Fb
182,503,Fb
438,818,Fb
438,457,Fb
438,485,Fb
183,263,Fb
183,286,Fb
183,295,Fb
183,576,Fb
183,365,Fb
183,628,Fb
183,639,Fb
183,664,Fb
183,685,Fb
183,458,Fb
183,466,Fb
183,723,Fb
183,217,Fb
183,485,Fb
183,496,Fb
439,545,Fb
439,582,Fb
439,621,Fb
439,693,Fb
439,702,Fb
439,455,Fb
439,754,Fb
695,775,Fb
695,792,Fb
695,798,Fb
695,761,Fb
184,304,Fb
184,347,Fb
184,419,Fb
184,713,Fb
440,770,Fb
440,772,Fb
440,777,Fb
440,791,Fb
440,812,Fb
440,827,Fb
440,578,Fb
440,602,Fb
440,656,Fb
440,673,Fb
440,674,Fb
440,444,Fb
440,469,Fb
440,763,Fb
440,510,Fb
696,721,Fb
696,726,Fb
696,762,Fb
185,300,Fb
185,842,Fb
185,356,Fb
185,622,Fb
185,409,Fb
185,448,Fb
185,449,Fb
185,210,Fb
185,480,Fb
441,512,Fb
441,580,Fb
441,836,Fb
441,461,Fb
441,464,Fb
697,802,Fb
186,768,Fb
186,268,Fb
186,524,Fb
186,525,Fb
186,280,Fb
186,799,Fb
186,549,Fb
186,809,Fb
186,299,Fb
186,300,Fb
186,556,Fb
186,301,Fb
186,828,Fb
186,576,Fb
186,832,Fb
186,324,Fb
186,326,Fb
186,838,Fb
186,598,Fb
186,344,Fb
186,611,Fb
186,623,Fb
186,372,Fb
186,373,Fb
186,387,Fb
186,652,Fb
186,406,Fb
186,670,Fb
186,416,Fb
186,672,Fb
186,424,Fb
186,692,Fb
186,701,Fb
186,706,Fb
186,195,Fb
186,219,Fb
186,221,Fb
186,734,Fb
186,743,Fb
186,233,Fb
186,237,Fb
186,755,Fb
186,503,Fb
186,249,Fb
442,543,Fb
442,617,Fb
442,693,Fb
187,780,Fb
187,793,Fb
187,817,Fb
187,581,Fb
187,610,Fb
187,617,Fb
187,666,Fb
187,187,Fb
187,704,Fb
187,469,Fb
443,569,Fb
443,580,Fb
443,625,Fb
443,706,Fb
443,457,Fb
443,487,Fb
443,759,Fb
188,279,Fb
188,814,Fb
188,567,Fb
188,828,Fb
188,581,Fb
188,587,Fb
188,617,Fb
188,368,Fb
188,397,Fb
188,693,Fb
188,456,Fb
188,713,Fb
188,202,Fb
188,740,Fb
188,246,Fb
444,514,Fb
444,534,Fb
444,545,Fb
444,801,Fb
444,578,Fb
444,641,Fb
444,653,Fb
444,659,Fb
444,663,Fb
444,679,Fb
444,689,Fb
444,696,Fb
444,707,Fb
444,465,Fb
444,721,Fb
444,466,Fb
444,729,Fb
444,475,Fb
444,733,Fb
444,482,Fb
444,484,Fb
444,486,Fb
444,743,Fb
444,506,Fb
444,507,Fb
189,288,Fb
189,817,Fb
189,824,Fb
189,632,Fb
189,401,Fb
189,431,Fb
189,190,Fb
189,208,Fb
189,217,Fb
445,531,Fb
445,624,Fb
445,633,Fb
445,651,Fb
445,458,Fb
445,496,Fb
701,840,Fb
701,711,Fb
190,263,Fb
190,521,Fb
190,268,Fb
190,785,Fb
190,275,Fb
190,288,Fb
190,295,Fb
190,809,Fb
190,817,Fb
190,818,Fb
190,310,Fb
190,824,Fb
190,569,Fb
190,323,Fb
190,324,Fb
190,838,Fb
190,845,Fb
190,342,Fb
190,350,Fb
190,619,Fb
190,372,Fb
190,392,Fb
190,401,Fb
190,678,Fb
190,431,Fb
190,193,Fb
190,706,Fb
190,200,Fb
190,457,Fb
190,470,Fb
190,472,Fb
190,217,Fb
190,228,Fb
190,485,Fb
190,486,Fb
190,487,Fb
190,745,Fb
190,236,Fb
190,752,Fb
446,540,Fb
446,543,Fb
446,666,Fb
446,672,Fb
446,676,Fb
191,275,Fb
191,542,Fb
191,291,Fb
191,846,Fb
191,365,Fb
191,623,Fb
191,437,Fb
191,477,Fb
191,735,Fb
192,270,Fb
192,272,Fb
192,532,Fb
192,578,Fb
192,583,Fb
192,588,Fb
192,599,Fb
192,387,Fb
192,694,Fb
192,203,Fb
192,734,Fb
192,503,Fb
192,249,Fb
448,530,Fb
448,532,Fb
448,539,Fb
448,800,Fb
448,842,Fb
448,632,Fb
448,729,Fb
448,480,Fb
448,491,Fb
193,288,Fb
193,301,Fb
193,817,Fb
193,310,Fb
193,335,Fb
193,342,Fb
193,615,Fb
193,372,Fb
193,401,Fb
193,661,Fb
193,678,Fb
193,441,Fb
193,470,Fb
193,217,Fb
193,733,Fb
193,485,Fb
193,239,Fb
449,845,Fb
449,597,Fb
449,599,Fb
194,280,Fb
194,537,Fb
194,541,Fb
194,798,Fb
194,294,Fb
194,809,Fb
194,351,Fb
194,644,Fb
194,695,Fb
194,719,Fb
194,472,Fb
194,219,Fb
194,485,Fb
194,741,Fb
450,581,Fb
450,666,Fb
450,720,Fb
706,809,Fb
706,818,Fb
706,832,Fb
706,837,Fb
706,838,Fb
706,840,Fb
706,733,Fb
195,300,Fb
195,832,Fb
195,324,Fb
195,838,Fb
195,599,Fb
195,348,Fb
195,388,Fb
195,645,Fb
195,424,Fb
195,436,Fb
195,198,Fb
195,221,Fb
195,743,Fb
451,537,Fb
707,816,Fb
196,770,Fb
196,778,Fb
196,272,Fb
196,536,Fb
196,290,Fb
196,550,Fb
196,330,Fb
196,415,Fb
196,688,Fb
196,438,Fb
196,485,Fb
452,554,Fb
452,666,Fb
452,695,Fb
452,718,Fb
452,720,Fb
452,502,Fb
453,559,Fb
453,680,Fb
453,462,Fb
709,770,Fb
709,761,Fb
198,838,Fb
198,348,Fb
198,424,Fb
198,706,Fb
198,744,Fb
454,786,Fb
454,818,Fb
454,823,Fb
454,599,Fb
454,625,Fb
454,641,Fb
454,659,Fb
454,457,Fb
454,752,Fb
454,755,Fb
199,623,Fb
199,651,Fb
199,445,Fb
199,199,Fb
199,458,Fb
199,219,Fb
199,496,Fb
455,574,Fb
455,621,Fb
455,692,Fb
455,505,Fb
200,266,Fb
200,550,Fb
200,295,Fb
200,569,Fb
200,845,Fb
200,342,Fb
200,350,Fb
200,353,Fb
200,619,Fb
200,379,Fb
200,642,Fb
200,390,Fb
200,401,Fb
200,683,Fb
200,691,Fb
200,449,Fb
200,711,Fb
200,457,Fb
200,735,Fb
200,228,Fb
200,741,Fb
200,486,Fb
200,487,Fb
200,757,Fb
200,762,Fb
712,804,Fb
712,835,Fb
712,844,Fb
712,755,Fb
201,512,Fb
201,776,Fb
201,521,Fb
201,538,Fb
201,820,Fb
201,320,Fb
201,834,Fb
201,333,Fb
201,617,Fb
201,400,Fb
201,211,Fb
201,472,Fb
201,728,Fb
201,474,Fb
457,512,Fb
457,524,Fb
457,550,Fb
457,818,Fb
457,619,Fb
457,625,Fb
457,635,Fb
457,706,Fb
457,729,Fb
457,735,Fb
457,741,Fb
457,487,Fb
457,748,Fb
457,752,Fb
457,502,Fb
713,767,Fb
202,567,Fb
202,580,Fb
202,697,Fb
202,216,Fb
202,740,Fb
202,246,Fb
458,593,Fb
458,623,Fb
458,651,Fb
458,496,Fb
714,804,Fb
714,808,Fb
203,270,Fb
203,371,Fb
203,387,Fb
203,694,Fb
459,805,Fb
204,280,Fb
204,559,Fb
204,333,Fb
204,680,Fb
204,706,Fb
204,453,Fb
204,232,Fb
460,815,Fb
460,719,Fb
460,725,Fb
205,524,Fb
205,535,Fb
205,826,Fb
205,838,Fb
205,614,Fb
205,706,Fb
205,229,Fb
205,233,Fb
205,240,Fb
205,503,Fb
461,515,Fb
461,580,Fb
461,836,Fb
461,706,Fb
206,532,Fb
206,539,Fb
206,560,Fb
206,370,Fb
206,428,Fb
206,212,Fb
462,782,Fb
462,794,Fb
462,811,Fb
462,574,Fb
462,838,Fb
462,599,Fb
462,645,Fb
462,679,Fb
462,749,Fb
462,759,Fb
207,771,Fb
207,797,Fb
207,798,Fb
207,560,Fb
207,306,Fb
207,359,Fb
207,627,Fb
207,378,Fb
207,646,Fb
207,652,Fb
207,407,Fb
207,677,Fb
207,692,Fb
207,700,Fb
207,207,Fb
207,465,Fb
207,467,Fb
207,726,Fb
207,476,Fb
207,733,Fb
207,736,Fb
207,486,Fb
207,235,Fb
207,505,Fb
207,762,Fb
463,831,Fb
208,539,Fb
208,285,Fb
208,543,Fb
208,288,Fb
208,300,Fb
208,817,Fb
208,824,Fb
208,324,Fb
208,344,Fb
208,632,Fb
208,652,Fb
208,401,Fb
208,405,Fb
208,670,Fb
208,677,Fb
208,687,Fb
208,688,Fb
208,448,Fb
208,706,Fb
208,210,Fb
208,734,Fb
208,480,Fb
208,491,Fb
208,236,Fb
464,512,Fb
464,534,Fb
464,541,Fb
464,797,Fb
464,599,Fb
464,612,Fb
464,690,Fb
464,490,Fb
464,497,Fb
720,780,Fb
720,817,Fb
720,837,Fb
209,261,Fb
209,281,Fb
209,817,Fb
209,581,Fb
209,587,Fb
209,610,Fb
209,452,Fb
209,718,Fb
465,782,Fb
465,569,Fb
465,578,Fb
465,659,Fb
465,696,Fb
465,721,Fb
210,300,Fb
210,356,Fb
210,620,Fb
210,371,Fb
210,409,Fb
210,448,Fb
466,540,Fb
466,543,Fb
466,801,Fb
466,819,Fb
466,820,Fb
466,623,Fb
466,651,Fb
466,652,Fb
466,689,Fb
466,729,Fb
466,733,Fb
466,482,Fb
466,486,Fb
466,496,Fb
211,512,Fb
211,784,Fb
211,538,Fb
211,797,Fb
211,355,Fb
211,646,Fb
211,659,Fb
211,664,Fb
211,454,Fb
211,733,Fb
211,484,Fb
467,771,Fb
467,784,Fb
467,797,Fb
467,560,Fb
467,599,Fb
467,646,Fb
467,659,Fb
467,689,Fb
467,721,Fb
467,733,Fb
467,736,Fb
467,762,Fb
723,733,Fb
723,735,Fb
212,780,Fb
212,532,Fb
212,833,Fb
212,848,Fb
212,370,Fb
212,384,Fb
212,711,Fb
212,720,Fb
212,219,Fb
212,221,Fb
468,533,Fb
468,628,Fb
213,296,Fb
213,823,Fb
213,315,Fb
213,358,Fb
213,621,Fb
213,670,Fb
213,688,Fb
213,438,Fb
213,709,Fb
213,485,Fb
469,772,Fb
469,777,Fb
469,528,Fb
469,535,Fb
469,791,Fb
469,796,Fb
469,812,Fb
469,816,Fb
469,827,Fb
469,715,Fb
469,478,Fb
469,479,Fb
469,737,Fb
469,492,Fb
469,763,Fb
469,510,Fb
214,335,Fb
214,624,Fb
214,385,Fb
214,402,Fb
214,430,Fb
470,780,Fb
470,807,Fb
470,817,Fb
470,678,Fb
215,775,Fb
215,828,Fb
215,317,Fb
215,590,Fb
215,349,Fb
215,385,Fb
215,695,Fb
471,583,Fb
471,846,Fb
471,622,Fb
471,652,Fb
471,677,Fb
471,485,Fb
216,775,Fb
216,795,Fb
216,302,Fb
216,621,Fb
216,695,Fb
472,519,Fb
472,521,Fb
472,525,Fb
472,529,Fb
472,532,Fb
472,537,Fb
472,541,Fb
472,798,Fb
472,809,Fb
472,819,Fb
472,820,Fb
472,824,Fb
472,829,Fb
472,578,Fb
472,837,Fb
472,845,Fb
472,598,Fb
472,619,Fb
472,644,Fb
472,645,Fb
472,652,Fb
472,657,Fb
472,677,Fb
472,695,Fb
472,700,Fb
472,706,Fb
472,474,Fb
472,733,Fb
472,485,Fb
472,741,Fb
217,263,Fb
217,275,Fb
217,288,Fb
217,301,Fb
217,817,Fb
217,818,Fb
217,342,Fb
217,357,Fb
217,358,Fb
217,365,Fb
217,372,Fb
217,628,Fb
217,632,Fb
217,401,Fb
217,677,Fb
217,678,Fb
217,431,Fb
217,437,Fb
217,457,Fb
217,720,Fb
217,470,Fb
217,733,Fb
217,485,Fb
217,239,Fb
217,752,Fb
473,589,Fb
473,695,Fb
729,733,Fb
729,746,Fb
218,772,Fb
218,777,Fb
218,528,Fb
218,274,Fb
218,796,Fb
218,567,Fb
218,827,Fb
218,382,Fb
218,715,Fb
218,469,Fb
218,478,Fb
218,479,Fb
218,737,Fb
218,234,Fb
218,492,Fb
218,748,Fb
218,510,Fb
474,521,Fb
474,529,Fb
474,578,Fb
474,596,Fb
474,627,Fb
474,639,Fb
474,678,Fb
474,494,Fb
474,505,Fb
219,263,Fb
219,525,Fb
219,532,Fb
219,280,Fb
219,537,Fb
219,539,Fb
219,541,Fb
219,797,Fb
219,798,Fb
219,549,Fb
219,809,Fb
219,828,Fb
219,576,Fb
219,578,Fb
219,324,Fb
219,838,Fb
219,332,Fb
219,336,Fb
219,593,Fb
219,598,Fb
219,351,Fb
219,611,Fb
219,357,Fb
219,619,Fb
219,373,Fb
219,641,Fb
219,644,Fb
219,389,Fb
219,658,Fb
219,677,Fb
219,695,Fb
219,706,Fb
219,472,Fb
219,475,Fb
219,733,Fb
219,485,Fb
219,233,Fb
219,236,Fb
219,239,Fb
219,499,Fb
475,828,Fb
475,589,Fb
475,658,Fb
475,699,Fb
475,706,Fb
220,534,Fb
220,792,Fb
220,797,Fb
220,552,Fb
220,297,Fb
220,315,Fb
220,836,Fb
220,352,Fb
220,611,Fb
220,612,Fb
220,360,Fb
220,374,Fb
220,464,Fb
220,728,Fb
220,488,Fb
476,770,Fb
476,563,Fb
476,820,Fb
476,572,Fb
476,836,Fb
476,476,Fb
476,733,Fb
476,483,Fb
476,486,Fb
476,505,Fb
476,761,Fb
221,262,Fb
221,263,Fb
221,776,Fb
221,266,Fb
221,268,Fb
221,524,Fb
221,276,Fb
221,294,Fb
221,299,Fb
221,300,Fb
221,301,Fb
221,564,Fb
221,820,Fb
221,824,Fb
221,826,Fb
221,320,Fb
221,832,Fb
221,324,Fb
221,838,Fb
221,598,Fb
221,344,Fb
221,348,Fb
221,373,Fb
221,381,Fb
221,385,Fb
221,645,Fb
221,652,Fb
221,400,Fb
221,657,Fb
221,406,Fb
221,670,Fb
221,416,Fb
221,421,Fb
221,424,Fb
221,694,Fb
221,706,Fb
221,720,Fb
221,472,Fb
221,733,Fb
221,486,Fb
221,744,Fb
221,233,Fb
221,491,Fb
221,236,Fb
221,242,Fb
221,503,Fb
221,249,Fb
221,509,Fb
477,546,Fb
477,588,Fb
477,589,Fb
477,599,Fb
477,735,Fb
733,771,Fb
733,784,Fb
733,797,Fb
733,817,Fb
733,820,Fb
733,824,Fb
733,828,Fb
733,838,Fb
733,844,Fb
733,736,Fb
733,747,Fb
222,269,Fb
222,285,Fb
222,543,Fb
222,471,Fb
222,733,Fb
222,482,Fb
222,491,Fb
478,772,Fb
478,528,Fb
478,796,Fb
478,827,Fb
478,715,Fb
478,479,Fb
478,737,Fb
478,492,Fb
478,753,Fb
478,763,Fb
478,510,Fb
223,593,Fb
223,375,Fb
223,633,Fb
223,503,Fb
479,772,Fb
479,528,Fb
479,791,Fb
479,796,Fb
479,827,Fb
479,715,Fb
479,737,Fb
479,492,Fb
479,763,Fb
479,510,Fb
735,789,Fb
735,846,Fb
224,567,Fb
224,341,Fb
224,442,Fb
224,448,Fb
480,523,Fb
480,526,Fb
480,539,Fb
480,712,Fb
736,784,Fb
736,797,Fb
225,257,Fb
225,522,Fb
225,529,Fb
225,282,Fb
225,545,Fb
225,574,Fb
225,589,Fb
225,436,Fb
225,439,Fb
225,497,Fb
226,515,Fb
226,521,Fb
226,280,Fb
226,538,Fb
226,291,Fb
226,296,Fb
226,820,Fb
226,835,Fb
226,580,Fb
226,836,Fb
226,590,Fb
226,378,Fb
226,646,Fb
226,658,Fb
226,415,Fb
226,461,Fb
226,476,Fb
226,749,Fb
226,761,Fb
482,556,Fb
482,650,Fb
482,689,Fb
482,717,Fb
482,733,Fb
482,486,Fb
738,780,Fb
227,257,Fb
227,773,Fb
227,522,Fb
227,282,Fb
227,545,Fb
227,553,Fb
227,301,Fb
227,816,Fb
227,574,Fb
227,621,Fb
227,625,Fb
227,436,Fb
227,438,Fb
227,454,Fb
227,455,Fb
227,251,Fb
483,770,Fb
483,559,Fb
483,820,Fb
483,824,Fb
483,590,Fb
483,601,Fb
483,679,Fb
483,504,Fb
483,761,Fb
739,739,Fb
228,284,Fb
228,294,Fb
228,308,Fb
228,569,Fb
228,350,Fb
228,411,Fb
228,449,Fb
228,230,Fb
228,486,Fb
484,512,Fb
484,578,Fb
484,653,Fb
484,700,Fb
484,507,Fb
229,535,Fb
229,838,Fb
229,614,Fb
229,373,Fb
229,685,Fb
229,476,Fb
229,240,Fb
229,503,Fb
229,249,Fb
485,770,Fb
485,519,Fb
485,521,Fb
485,778,Fb
485,532,Fb
485,537,Fb
485,541,Fb
485,798,Fb
485,809,Fb
485,817,Fb
485,820,Fb
485,823,Fb
485,831,Fb
485,578,Fb
485,838,Fb
485,841,Fb
485,844,Fb
485,846,Fb
485,615,Fb
485,619,Fb
485,644,Fb
485,661,Fb
485,664,Fb
485,677,Fb
485,682,Fb
485,683,Fb
485,688,Fb
485,695,Fb
485,700,Fb
485,706,Fb
485,709,Fb
485,722,Fb
485,729,Fb
485,733,Fb
485,741,Fb
485,490,Fb
230,794,Fb
230,546,Fb
230,735,Fb
486,543,Fb
486,801,Fb
486,570,Fb
486,572,Fb
486,845,Fb
486,611,Fb
486,623,Fb
486,641,Fb
486,689,Fb
486,691,Fb
486,696,Fb
486,706,Fb
486,711,Fb
486,721,Fb
486,729,Fb
486,733,Fb
486,735,Fb
486,497,Fb
486,499,Fb
486,503,Fb
486,505,Fb
486,762,Fb
742,760,Fb
231,520,Fb
231,804,Fb
231,325,Fb
231,341,Fb
231,427,Fb
231,435,Fb
231,234,Fb
231,243,Fb
487,769,Fb
487,518,Fb
487,550,Fb
487,818,Fb
487,569,Fb
487,616,Fb
487,619,Fb
487,625,Fb
487,641,Fb
487,642,Fb
487,706,Fb
487,741,Fb
487,752,Fb
488,773,Fb
488,563,Fb
488,570,Fb
233,799,Fb
233,301,Fb
233,838,Fb
233,373,Fb
233,701,Fb
233,240,Fb
489,590,Fb
489,617,Fb
489,653,Fb
489,742,Fb
489,760,Fb
745,757,Fb
234,772,Fb
234,780,Fb
234,382,Fb
234,411,Fb
234,493,Fb
234,758,Fb
490,534,Fb
490,797,Fb
490,550,Fb
490,612,Fb
490,682,Fb
490,504,Fb
746,775,Fb
746,832,Fb
235,771,Fb
235,784,Fb
235,786,Fb
235,797,Fb
235,547,Fb
235,324,Fb
235,845,Fb
235,599,Fb
235,350,Fb
235,370,Fb
235,376,Fb
235,645,Fb
235,646,Fb
235,399,Fb
235,411,Fb
235,454,Fb
235,755,Fb
235,244,Fb
491,798,Fb
491,632,Fb
236,517,Fb
236,263,Fb
236,267,Fb
236,532,Fb
236,280,Fb
236,804,Fb
236,293,Fb
236,813,Fb
236,829,Fb
236,575,Fb
236,324,Fb
236,836,Fb
236,837,Fb
236,840,Fb
236,598,Fb
236,624,Fb
236,641,Fb
236,647,Fb
236,649,Fb
236,706,Fb
236,472,Fb
236,733,Fb
236,485,Fb
236,238,Fb
492,772,Fb
492,777,Fb
492,524,Fb
492,528,Fb
492,796,Fb
492,827,Fb
492,606,Fb
492,674,Fb
492,715,Fb
492,737,Fb
492,753,Fb
492,763,Fb
492,510,Fb
237,512,Fb
237,297,Fb
237,299,Fb
237,597,Fb
237,373,Fb
237,374,Fb
237,490,Fb
493,720,Fb
493,758,Fb
238,280,Fb
238,323,Fb
238,836,Fb
238,336,Fb
238,351,Fb
238,619,Fb
238,644,Fb
238,646,Fb
238,647,Fb
238,472,Fb
238,485,Fb
238,761,Fb
494,524,Fb
494,809,Fb
494,596,Fb
494,672,Fb
750,760,Fb
239,806,Fb
239,301,Fb
239,611,Fb
239,357,Fb
239,677,Fb
239,437,Fb
239,733,Fb
239,485,Fb
239,499,Fb
240,301,Fb
240,838,Fb
240,614,Fb
240,373,Fb
240,406,Fb
240,706,Fb
240,488,Fb
240,503,Fb
240,249,Fb
496,623,Fb
496,651,Fb
496,664,Fb
752,818,Fb
241,311,Fb
241,572,Fb
241,582,Fb
241,334,Fb
241,398,Fb
241,501,Fb
241,505,Fb
241,254,Fb
242,276,Fb
242,826,Fb
242,838,Fb
242,614,Fb
242,373,Fb
242,640,Fb
242,406,Fb
242,421,Fb
242,706,Fb
242,720,Fb
498,804,Fb
243,262,Fb
243,264,Fb
243,520,Fb
243,804,Fb
243,813,Fb
243,648,Fb
243,433,Fb
243,435,Fb
243,712,Fb
243,714,Fb
243,498,Fb
499,805,Fb
499,806,Fb
499,593,Fb
499,600,Fb
499,611,Fb
499,641,Fb
499,706,Fb
499,711,Fb
499,503,Fb
755,781,Fb
244,773,Fb
244,552,Fb
244,562,Fb
244,315,Fb
244,393,Fb
244,670,Fb
244,454,Fb
244,488,Fb
244,755,Fb
244,505,Fb
244,766,Fb
245,811,Fb
245,305,Fb
245,566,Fb
245,577,Fb
245,604,Fb
245,605,Fb
245,606,Fb
245,377,Fb
245,651,Fb
245,255,Fb
246,814,Fb
246,576,Fb
246,599,Fb
246,456,Fb
246,713,Fb
246,740,Fb
502,813,Fb
502,576,Fb
502,648,Fb
502,666,Fb
502,686,Fb
502,720,Fb
502,729,Fb
502,735,Fb
247,718,Fb
503,521,Fb
503,524,Fb
503,532,Fb
503,535,Fb
503,568,Fb
503,828,Fb
503,832,Fb
503,838,Fb
503,583,Fb
503,593,Fb
503,614,Fb
503,670,Fb
503,672,Fb
503,696,Fb
503,706,Fb
503,711,Fb
248,274,Fb
248,537,Fb
248,413,Fb
248,701,Fb
248,711,Fb
248,505,Fb
504,768,Fb
504,838,Fb
504,761,Fb
249,524,Fb
249,525,Fb
249,276,Fb
249,301,Fb
249,578,Fb
249,838,Fb
249,599,Fb
249,373,Fb
249,406,Fb
249,421,Fb
249,706,Fb
249,734,Fb
505,572,Fb
505,839,Fb
505,596,Fb
505,627,Fb
505,678,Fb
505,692,Fb
505,736,Fb
505,762,Fb
761,775,Fb
761,824,Fb
250,531,Fb
250,548,Fb
250,595,Fb
250,664,Fb
506,578,Fb
506,598,Fb
506,719,Fb
506,721,Fb
506,743,Fb
506,507,Fb
251,257,Fb
251,436,Fb
251,455,Fb
507,534,Fb
507,615,Fb
507,653,Fb
507,663,Fb
507,746,Fb
252,517,Fb
252,844,Fb
252,363,Fb
252,668,Fb
252,683,Fb
508,586,Fb
508,590,Fb
508,626,Fb
508,747,Fb
508,761,Fb
253,637,Fb
253,414,Fb
253,673,Fb
253,674,Fb
253,440,Fb
509,564,Fb
509,838,Fb
509,712,Fb
509,744,Fb
254,272,Fb
254,784,Fb
254,800,Fb
254,306,Fb
254,563,Fb
254,564,Fb
254,572,Fb
254,589,Fb
254,334,Fb
254,398,Fb
254,696,Fb
254,476,Fb
254,505,Fb
510,772,Fb
510,777,Fb
510,528,Fb
510,796,Fb
510,827,Fb
510,715,Fb
510,737,Fb
510,763,Fb
255,566,Fb
255,605,Fb
255,507,Fb